timestamp,topic,payload_size_bytes,payload_preview
2026-04-22T12:37:14,shellyazplug-e4b323337220/online,5,false
2026-04-22T12:37:14,iot/dht11/debug,46,[0;36m[D][sensor:124]: 'Humidity' >> 38 %[0m
2026-04-22T12:37:14,iot/dht11/status,6,online
2026-04-22T12:37:14,iot/dht11/sensor/temperature/state,4,24.7
2026-04-22T12:37:14,iot/dht11/sensor/humidity/state,2,38
2026-04-22T12:37:14,iot/mq/debug,50,[0;36m[D][sensor:124]: 'Gas Sensor' >> 0.51 V[0m
2026-04-22T12:37:14,iot/mq/status,6,online
2026-04-22T12:37:14,iot/mq/sensor/gas_sensor/state,4,0.51
2026-04-22T12:37:14,iot/pir/debug,49,[0;36m[D][binary_sensor:048]: 'Motion' >> ON[0m
2026-04-22T12:37:14,iot/pir/status,6,online
2026-04-22T12:37:14,iot/pir/binary_sensor/motion/state,2,ON
2026-04-22T12:37:14,homeassistant/sensor/dht11_node/temperature/config,380,"{""sug_dsp_prc"":1,""unit_of_meas"":""°C"",""stat_cla"":""measurement"",""name"":""Temperature"",""dev_cla"":""temperature"",""stat_t"":""iot"
2026-04-22T12:37:14,homeassistant/sensor/dht11_node/humidity/config,366,"{""sug_dsp_prc"":0,""unit_of_meas"":""%"",""stat_cla"":""measurement"",""name"":""Humidity"",""dev_cla"":""humidity"",""stat_t"":""iot/dht11/"
2026-04-22T12:37:14,homeassistant/sensor/mq_node/gas_sensor/config,362,"{""sug_dsp_prc"":2,""unit_of_meas"":""V"",""stat_cla"":""measurement"",""name"":""Gas Sensor"",""dev_cla"":""voltage"",""stat_t"":""iot/mq/se"
2026-04-22T12:37:14,homeassistant/binary_sensor/pir_node/motion/config,306,"{""name"":""Motion"",""dev_cla"":""motion"",""stat_t"":""iot/pir/binary_sensor/motion/state"",""avty_t"":""iot/pir/status"",""uniq_id"":""E"
2026-04-22T12:37:14,esphome/discover/dht11_node,149,"{""ip"":""192.168.8.167"",""name"":""dht11_node"",""version"":""2026.3.2"",""mac"":""348518b90f38"",""platform"":""ESP32"",""board"":""esp32-s3"
2026-04-22T12:37:14,esphome/discover/mq_node,146,"{""ip"":""192.168.8.203"",""name"":""mq_node"",""version"":""2026.3.2"",""mac"":""348518b91934"",""platform"":""ESP32"",""board"":""esp32-s3-de"
2026-04-22T12:37:14,esphome/discover/pir_node,147,"{""ip"":""192.168.8.215"",""name"":""pir_node"",""version"":""2026.3.2"",""mac"":""348518b90f68"",""platform"":""ESP32"",""board"":""esp32-s3-d"
2026-04-22T12:37:14,shellyazplug-node/online,4,true
2026-04-22T12:37:16,iot/mq/debug,50,[0;36m[D][sensor:124]: 'Gas Sensor' >> 0.51 V[0m
2026-04-22T12:37:16,iot/mq/sensor/gas_sensor/state,4,0.51
2026-04-22T12:37:20,iot/dht11/debug,59,[0;36m[D][dht:048]: Temperature 24.6°C Humidity 38.0%[0m
2026-04-22T12:37:20,iot/dht11/debug,53,[0;36m[D][sensor:124]: 'Temperature' >> 24.6 °C[0m
2026-04-22T12:37:20,iot/dht11/sensor/temperature/state,4,24.6
2026-04-22T12:37:20,iot/dht11/debug,46,[0;36m[D][sensor:124]: 'Humidity' >> 38 %[0m
2026-04-22T12:37:20,iot/dht11/sensor/humidity/state,2,38
2026-04-22T12:37:21,iot/mq/debug,50,[0;36m[D][sensor:124]: 'Gas Sensor' >> 0.51 V[0m
2026-04-22T12:37:21,iot/mq/sensor/gas_sensor/state,4,0.51
2026-04-22T12:37:26,iot/mq/debug,50,[0;36m[D][sensor:124]: 'Gas Sensor' >> 0.51 V[0m
2026-04-22T12:37:26,iot/mq/sensor/gas_sensor/state,4,0.51
2026-04-22T12:37:30,iot/dht11/debug,59,[0;36m[D][dht:048]: Temperature 24.6°C Humidity 38.0%[0m
2026-04-22T12:37:30,iot/dht11/debug,53,[0;36m[D][sensor:124]: 'Temperature' >> 24.6 °C[0m
2026-04-22T12:37:30,iot/dht11/sensor/temperature/state,4,24.6
2026-04-22T12:37:30,iot/dht11/debug,46,[0;36m[D][sensor:124]: 'Humidity' >> 38 %[0m
2026-04-22T12:37:30,iot/dht11/sensor/humidity/state,2,38
2026-04-22T12:37:31,iot/mq/debug,50,[0;36m[D][sensor:124]: 'Gas Sensor' >> 0.51 V[0m
2026-04-22T12:37:31,iot/mq/sensor/gas_sensor/state,4,0.51
2026-04-22T12:37:36,iot/mq/debug,50,[0;36m[D][sensor:124]: 'Gas Sensor' >> 0.51 V[0m
2026-04-22T12:37:36,iot/mq/sensor/gas_sensor/state,4,0.51
2026-04-22T12:37:40,iot/dht11/debug,59,[0;36m[D][dht:048]: Temperature 24.6°C Humidity 38.0%[0m
2026-04-22T12:37:40,iot/dht11/debug,53,[0;36m[D][sensor:124]: 'Temperature' >> 24.6 °C[0m
2026-04-22T12:37:40,iot/dht11/sensor/temperature/state,4,24.6
2026-04-22T12:37:40,iot/dht11/debug,46,[0;36m[D][sensor:124]: 'Humidity' >> 38 %[0m
2026-04-22T12:37:40,iot/dht11/sensor/humidity/state,2,38
2026-04-22T12:37:41,iot/mq/debug,50,[0;36m[D][sensor:124]: 'Gas Sensor' >> 0.51 V[0m
2026-04-22T12:37:41,iot/mq/sensor/gas_sensor/state,4,0.51
2026-04-22T12:37:46,iot/mq/debug,50,[0;36m[D][sensor:124]: 'Gas Sensor' >> 0.51 V[0m
2026-04-22T12:37:46,iot/mq/sensor/gas_sensor/state,4,0.51
2026-04-22T12:37:50,iot/dht11/debug,59,[0;36m[D][dht:048]: Temperature 24.6°C Humidity 38.0%[0m
2026-04-22T12:37:50,iot/dht11/debug,53,[0;36m[D][sensor:124]: 'Temperature' >> 24.6 °C[0m
2026-04-22T12:37:50,iot/dht11/sensor/temperature/state,4,24.6
2026-04-22T12:37:50,iot/dht11/debug,46,[0;36m[D][sensor:124]: 'Humidity' >> 38 %[0m
2026-04-22T12:37:50,iot/dht11/sensor/humidity/state,2,38
2026-04-22T12:37:51,iot/mq/debug,50,[0;36m[D][sensor:124]: 'Gas Sensor' >> 0.51 V[0m
2026-04-22T12:37:51,iot/mq/sensor/gas_sensor/state,4,0.51
2026-04-22T12:37:56,iot/mq/debug,50,[0;36m[D][sensor:124]: 'Gas Sensor' >> 0.51 V[0m
2026-04-22T12:37:56,iot/mq/sensor/gas_sensor/state,4,0.51
2026-04-22T12:38:00,iot/dht11/debug,59,[0;36m[D][dht:048]: Temperature 24.6°C Humidity 38.0%[0m
2026-04-22T12:38:00,iot/dht11/debug,53,[0;36m[D][sensor:124]: 'Temperature' >> 24.6 °C[0m
2026-04-22T12:38:00,iot/dht11/sensor/temperature/state,4,24.6
2026-04-22T12:38:00,iot/dht11/debug,46,[0;36m[D][sensor:124]: 'Humidity' >> 38 %[0m
2026-04-22T12:38:00,iot/dht11/sensor/humidity/state,2,38
2026-04-22T12:38:01,iot/mq/debug,50,[0;36m[D][sensor:124]: 'Gas Sensor' >> 0.51 V[0m
2026-04-22T12:38:01,iot/mq/sensor/gas_sensor/state,4,0.51
2026-04-22T12:38:06,iot/mq/debug,50,[0;36m[D][sensor:124]: 'Gas Sensor' >> 0.51 V[0m
2026-04-22T12:38:06,iot/mq/sensor/gas_sensor/state,4,0.51
2026-04-22T12:38:10,iot/dht11/debug,59,[0;36m[D][dht:048]: Temperature 24.6°C Humidity 38.0%[0m
2026-04-22T12:38:10,iot/dht11/debug,53,[0;36m[D][sensor:124]: 'Temperature' >> 24.6 °C[0m
2026-04-22T12:38:10,iot/dht11/sensor/temperature/state,4,24.6
2026-04-22T12:38:10,iot/dht11/debug,46,[0;36m[D][sensor:124]: 'Humidity' >> 38 %[0m
2026-04-22T12:38:10,iot/dht11/sensor/humidity/state,2,38
2026-04-22T12:38:11,iot/mq/debug,50,[0;36m[D][sensor:124]: 'Gas Sensor' >> 0.51 V[0m
2026-04-22T12:38:11,iot/mq/sensor/gas_sensor/state,4,0.51
2026-04-22T12:38:16,iot/mq/debug,50,[0;36m[D][sensor:124]: 'Gas Sensor' >> 0.51 V[0m
2026-04-22T12:38:16,iot/mq/sensor/gas_sensor/state,4,0.51
2026-04-22T12:38:20,iot/dht11/debug,59,[0;36m[D][dht:048]: Temperature 24.6°C Humidity 38.0%[0m
2026-04-22T12:38:20,iot/dht11/debug,53,[0;36m[D][sensor:124]: 'Temperature' >> 24.6 °C[0m
2026-04-22T12:38:20,iot/dht11/sensor/temperature/state,4,24.6
2026-04-22T12:38:20,iot/dht11/debug,46,[0;36m[D][sensor:124]: 'Humidity' >> 38 %[0m
2026-04-22T12:38:20,iot/dht11/sensor/humidity/state,2,38
2026-04-22T12:38:21,iot/mq/debug,50,[0;36m[D][sensor:124]: 'Gas Sensor' >> 0.51 V[0m
2026-04-22T12:38:21,iot/mq/sensor/gas_sensor/state,4,0.51
2026-04-22T12:38:26,iot/mq/debug,50,[0;36m[D][sensor:124]: 'Gas Sensor' >> 0.51 V[0m
2026-04-22T12:38:26,iot/mq/sensor/gas_sensor/state,4,0.51
2026-04-22T12:38:30,iot/dht11/debug,59,[0;36m[D][dht:048]: Temperature 24.6°C Humidity 38.0%[0m
2026-04-22T12:38:30,iot/dht11/debug,53,[0;36m[D][sensor:124]: 'Temperature' >> 24.6 °C[0m
2026-04-22T12:38:30,iot/dht11/sensor/temperature/state,4,24.6
2026-04-22T12:38:30,iot/dht11/debug,46,[0;36m[D][sensor:124]: 'Humidity' >> 38 %[0m
2026-04-22T12:38:30,iot/dht11/sensor/humidity/state,2,38
2026-04-22T12:38:31,iot/mq/debug,50,[0;36m[D][sensor:124]: 'Gas Sensor' >> 0.51 V[0m
2026-04-22T12:38:31,iot/mq/sensor/gas_sensor/state,4,0.51
2026-04-22T12:38:36,iot/mq/debug,50,[0;36m[D][sensor:124]: 'Gas Sensor' >> 0.51 V[0m
2026-04-22T12:38:36,iot/mq/sensor/gas_sensor/state,4,0.51
2026-04-22T12:38:40,iot/dht11/debug,59,[0;36m[D][dht:048]: Temperature 24.6°C Humidity 38.0%[0m
2026-04-22T12:38:40,iot/dht11/debug,53,[0;36m[D][sensor:124]: 'Temperature' >> 24.6 °C[0m
2026-04-22T12:38:40,iot/dht11/sensor/temperature/state,4,24.6
2026-04-22T12:38:40,iot/dht11/debug,46,[0;36m[D][sensor:124]: 'Humidity' >> 38 %[0m
2026-04-22T12:38:40,iot/dht11/sensor/humidity/state,2,38
2026-04-22T12:38:41,iot/mq/debug,50,[0;36m[D][sensor:124]: 'Gas Sensor' >> 0.51 V[0m
2026-04-22T12:38:41,iot/mq/sensor/gas_sensor/state,4,0.51
2026-04-22T12:38:46,iot/mq/debug,50,[0;36m[D][sensor:124]: 'Gas Sensor' >> 0.51 V[0m
2026-04-22T12:38:46,iot/mq/sensor/gas_sensor/state,4,0.51
2026-04-22T12:38:50,iot/dht11/debug,59,[0;36m[D][dht:048]: Temperature 24.6°C Humidity 38.0%[0m
2026-04-22T12:38:50,iot/dht11/debug,53,[0;36m[D][sensor:124]: 'Temperature' >> 24.6 °C[0m
2026-04-22T12:38:50,iot/dht11/sensor/temperature/state,4,24.6
2026-04-22T12:38:50,iot/dht11/debug,46,[0;36m[D][sensor:124]: 'Humidity' >> 38 %[0m
2026-04-22T12:38:50,iot/dht11/sensor/humidity/state,2,38
2026-04-22T12:38:51,iot/mq/debug,50,[0;36m[D][sensor:124]: 'Gas Sensor' >> 0.51 V[0m
2026-04-22T12:38:51,iot/mq/sensor/gas_sensor/state,4,0.51
2026-04-22T12:38:56,iot/mq/debug,50,[0;36m[D][sensor:124]: 'Gas Sensor' >> 0.51 V[0m
2026-04-22T12:38:56,iot/mq/sensor/gas_sensor/state,4,0.51
2026-04-22T12:39:00,iot/dht11/debug,59,[0;36m[D][dht:048]: Temperature 24.6°C Humidity 38.0%[0m
2026-04-22T12:39:00,iot/dht11/debug,53,[0;36m[D][sensor:124]: 'Temperature' >> 24.6 °C[0m
2026-04-22T12:39:00,iot/dht11/sensor/temperature/state,4,24.6
2026-04-22T12:39:00,iot/dht11/debug,46,[0;36m[D][sensor:124]: 'Humidity' >> 38 %[0m
2026-04-22T12:39:00,iot/dht11/sensor/humidity/state,2,38
2026-04-22T12:39:01,iot/mq/debug,50,[0;36m[D][sensor:124]: 'Gas Sensor' >> 0.51 V[0m
2026-04-22T12:39:01,iot/mq/sensor/gas_sensor/state,4,0.51
2026-04-22T12:39:06,iot/mq/debug,50,[0;36m[D][sensor:124]: 'Gas Sensor' >> 0.51 V[0m
2026-04-22T12:39:06,iot/mq/sensor/gas_sensor/state,4,0.51
2026-04-22T12:39:10,iot/dht11/debug,59,[0;36m[D][dht:048]: Temperature 24.6°C Humidity 38.0%[0m
2026-04-22T12:39:10,iot/dht11/debug,53,[0;36m[D][sensor:124]: 'Temperature' >> 24.6 °C[0m
2026-04-22T12:39:10,iot/dht11/sensor/temperature/state,4,24.6
2026-04-22T12:39:10,iot/dht11/debug,46,[0;36m[D][sensor:124]: 'Humidity' >> 38 %[0m
2026-04-22T12:39:10,iot/dht11/sensor/humidity/state,2,38
2026-04-22T12:39:11,iot/mq/debug,50,[0;36m[D][sensor:124]: 'Gas Sensor' >> 0.51 V[0m
2026-04-22T12:39:11,iot/mq/sensor/gas_sensor/state,4,0.51
2026-04-22T12:39:16,iot/mq/debug,50,[0;36m[D][sensor:124]: 'Gas Sensor' >> 0.51 V[0m
2026-04-22T12:39:16,iot/mq/sensor/gas_sensor/state,4,0.51
2026-04-22T12:39:20,iot/dht11/debug,59,[0;36m[D][dht:048]: Temperature 24.6°C Humidity 38.0%[0m
2026-04-22T12:39:20,iot/dht11/debug,53,[0;36m[D][sensor:124]: 'Temperature' >> 24.6 °C[0m
2026-04-22T12:39:20,iot/dht11/sensor/temperature/state,4,24.6
2026-04-22T12:39:20,iot/dht11/debug,46,[0;36m[D][sensor:124]: 'Humidity' >> 38 %[0m
2026-04-22T12:39:20,iot/dht11/sensor/humidity/state,2,38
2026-04-22T12:39:21,iot/mq/debug,50,[0;36m[D][sensor:124]: 'Gas Sensor' >> 0.51 V[0m
2026-04-22T12:39:21,iot/mq/sensor/gas_sensor/state,4,0.51
2026-04-22T12:39:26,iot/mq/debug,50,[0;36m[D][sensor:124]: 'Gas Sensor' >> 0.51 V[0m
2026-04-22T12:39:26,iot/mq/sensor/gas_sensor/state,4,0.51
2026-04-22T12:39:30,iot/dht11/debug,59,[0;36m[D][dht:048]: Temperature 24.7°C Humidity 38.0%[0m
2026-04-22T12:39:30,iot/dht11/debug,53,[0;36m[D][sensor:124]: 'Temperature' >> 24.7 °C[0m
2026-04-22T12:39:30,iot/dht11/sensor/temperature/state,4,24.7
2026-04-22T12:39:30,iot/dht11/debug,46,[0;36m[D][sensor:124]: 'Humidity' >> 38 %[0m
2026-04-22T12:39:30,iot/dht11/sensor/humidity/state,2,38
2026-04-22T12:39:31,iot/mq/debug,50,[0;36m[D][sensor:124]: 'Gas Sensor' >> 0.51 V[0m
2026-04-22T12:39:31,iot/mq/sensor/gas_sensor/state,4,0.51
2026-04-22T12:39:36,iot/mq/debug,50,[0;36m[D][sensor:124]: 'Gas Sensor' >> 0.51 V[0m
2026-04-22T12:39:36,iot/mq/sensor/gas_sensor/state,4,0.51
2026-04-22T12:39:40,iot/dht11/debug,59,[0;36m[D][dht:048]: Temperature 24.7°C Humidity 38.0%[0m
2026-04-22T12:39:40,iot/dht11/debug,53,[0;36m[D][sensor:124]: 'Temperature' >> 24.7 °C[0m
2026-04-22T12:39:40,iot/dht11/sensor/temperature/state,4,24.7
2026-04-22T12:39:40,iot/dht11/debug,46,[0;36m[D][sensor:124]: 'Humidity' >> 38 %[0m
2026-04-22T12:39:40,iot/dht11/sensor/humidity/state,2,38
2026-04-22T12:39:41,iot/mq/debug,50,[0;36m[D][sensor:124]: 'Gas Sensor' >> 0.51 V[0m
2026-04-22T12:39:41,iot/mq/sensor/gas_sensor/state,4,0.51
2026-04-22T12:39:46,iot/mq/debug,50,[0;36m[D][sensor:124]: 'Gas Sensor' >> 0.51 V[0m
2026-04-22T12:39:46,iot/mq/sensor/gas_sensor/state,4,0.51
2026-04-22T12:39:49,iot/pir/binary_sensor/motion/state,3,OFF
2026-04-22T12:39:49,iot/pir/debug,50,[0;36m[D][binary_sensor:048]: 'Motion' >> OFF[0m
2026-04-22T12:39:50,iot/dht11/debug,59,[0;36m[D][dht:048]: Temperature 24.8°C Humidity 38.0%[0m
2026-04-22T12:39:50,iot/dht11/debug,53,[0;36m[D][sensor:124]: 'Temperature' >> 24.8 °C[0m
2026-04-22T12:39:50,iot/dht11/sensor/temperature/state,4,24.8
2026-04-22T12:39:50,iot/dht11/debug,46,[0;36m[D][sensor:124]: 'Humidity' >> 38 %[0m
2026-04-22T12:39:50,iot/dht11/sensor/humidity/state,2,38
2026-04-22T12:39:51,iot/mq/debug,50,[0;36m[D][sensor:124]: 'Gas Sensor' >> 0.51 V[0m
2026-04-22T12:39:51,iot/mq/sensor/gas_sensor/state,4,0.51
2026-04-22T12:39:53,iot/pir/binary_sensor/motion/state,2,ON
2026-04-22T12:39:53,iot/pir/debug,49,[0;36m[D][binary_sensor:048]: 'Motion' >> ON[0m
2026-04-22T12:39:56,iot/mq/debug,50,[0;36m[D][sensor:124]: 'Gas Sensor' >> 0.51 V[0m
2026-04-22T12:39:56,iot/mq/sensor/gas_sensor/state,4,0.51
2026-04-22T12:40:00,iot/dht11/debug,59,[0;36m[D][dht:048]: Temperature 24.8°C Humidity 38.0%[0m
2026-04-22T12:40:00,iot/dht11/debug,53,[0;36m[D][sensor:124]: 'Temperature' >> 24.8 °C[0m
2026-04-22T12:40:00,iot/dht11/sensor/temperature/state,4,24.8
2026-04-22T12:40:00,iot/dht11/debug,46,[0;36m[D][sensor:124]: 'Humidity' >> 38 %[0m
2026-04-22T12:40:00,iot/dht11/sensor/humidity/state,2,38
2026-04-22T12:40:01,iot/mq/debug,50,[0;36m[D][sensor:124]: 'Gas Sensor' >> 0.51 V[0m
2026-04-22T12:40:01,iot/mq/sensor/gas_sensor/state,4,0.51
2026-04-22T12:40:06,iot/mq/debug,50,[0;36m[D][sensor:124]: 'Gas Sensor' >> 0.51 V[0m
2026-04-22T12:40:06,iot/mq/sensor/gas_sensor/state,4,0.51
2026-04-22T12:40:10,iot/dht11/debug,59,[0;36m[D][dht:048]: Temperature 24.8°C Humidity 38.0%[0m
2026-04-22T12:40:10,iot/dht11/debug,53,[0;36m[D][sensor:124]: 'Temperature' >> 24.8 °C[0m
2026-04-22T12:40:10,iot/dht11/sensor/temperature/state,4,24.8
2026-04-22T12:40:10,iot/dht11/debug,46,[0;36m[D][sensor:124]: 'Humidity' >> 38 %[0m
2026-04-22T12:40:10,iot/dht11/sensor/humidity/state,2,38
2026-04-22T12:40:11,iot/mq/debug,50,[0;36m[D][sensor:124]: 'Gas Sensor' >> 0.51 V[0m
2026-04-22T12:40:11,iot/mq/sensor/gas_sensor/state,4,0.51
2026-04-22T12:40:16,iot/mq/debug,50,[0;36m[D][sensor:124]: 'Gas Sensor' >> 0.51 V[0m
2026-04-22T12:40:16,iot/mq/sensor/gas_sensor/state,4,0.51
2026-04-22T12:40:20,iot/dht11/debug,59,[0;36m[D][dht:048]: Temperature 24.8°C Humidity 38.0%[0m
2026-04-22T12:40:20,iot/dht11/debug,53,[0;36m[D][sensor:124]: 'Temperature' >> 24.8 °C[0m
2026-04-22T12:40:20,iot/dht11/sensor/temperature/state,4,24.8
2026-04-22T12:40:20,iot/dht11/debug,46,[0;36m[D][sensor:124]: 'Humidity' >> 38 %[0m
2026-04-22T12:40:20,iot/dht11/sensor/humidity/state,2,38
2026-04-22T12:40:21,iot/mq/debug,50,[0;36m[D][sensor:124]: 'Gas Sensor' >> 0.51 V[0m
2026-04-22T12:40:21,iot/mq/sensor/gas_sensor/state,4,0.51
2026-04-22T12:40:26,iot/mq/debug,50,[0;36m[D][sensor:124]: 'Gas Sensor' >> 0.51 V[0m
2026-04-22T12:40:26,iot/mq/sensor/gas_sensor/state,4,0.51
2026-04-22T12:40:30,iot/dht11/debug,59,[0;36m[D][dht:048]: Temperature 24.8°C Humidity 38.0%[0m
2026-04-22T12:40:30,iot/dht11/debug,53,[0;36m[D][sensor:124]: 'Temperature' >> 24.8 °C[0m
2026-04-22T12:40:30,iot/dht11/sensor/temperature/state,4,24.8
2026-04-22T12:40:30,iot/dht11/debug,46,[0;36m[D][sensor:124]: 'Humidity' >> 38 %[0m
2026-04-22T12:40:30,iot/dht11/sensor/humidity/state,2,38
2026-04-22T12:40:31,iot/mq/debug,50,[0;36m[D][sensor:124]: 'Gas Sensor' >> 0.51 V[0m
2026-04-22T12:40:31,iot/mq/sensor/gas_sensor/state,4,0.51
2026-04-22T12:40:36,iot/mq/debug,50,[0;36m[D][sensor:124]: 'Gas Sensor' >> 0.51 V[0m
2026-04-22T12:40:36,iot/mq/sensor/gas_sensor/state,4,0.51
2026-04-22T12:40:40,iot/dht11/debug,59,[0;36m[D][dht:048]: Temperature 24.8°C Humidity 38.0%[0m
2026-04-22T12:40:40,iot/dht11/debug,53,[0;36m[D][sensor:124]: 'Temperature' >> 24.8 °C[0m
2026-04-22T12:40:40,iot/dht11/sensor/temperature/state,4,24.8
2026-04-22T12:40:40,iot/dht11/debug,46,[0;36m[D][sensor:124]: 'Humidity' >> 38 %[0m
2026-04-22T12:40:40,iot/dht11/sensor/humidity/state,2,38
2026-04-22T12:40:41,iot/mq/debug,50,[0;36m[D][sensor:124]: 'Gas Sensor' >> 0.51 V[0m
2026-04-22T12:40:41,iot/mq/sensor/gas_sensor/state,4,0.51
2026-04-22T12:40:46,iot/mq/debug,50,[0;36m[D][sensor:124]: 'Gas Sensor' >> 0.51 V[0m
2026-04-22T12:40:46,iot/mq/sensor/gas_sensor/state,4,0.51
2026-04-22T12:40:50,iot/dht11/debug,59,[0;36m[D][dht:048]: Temperature 24.8°C Humidity 38.0%[0m
2026-04-22T12:40:50,iot/dht11/debug,53,[0;36m[D][sensor:124]: 'Temperature' >> 24.8 °C[0m
2026-04-22T12:40:50,iot/dht11/sensor/temperature/state,4,24.8
2026-04-22T12:40:50,iot/dht11/debug,46,[0;36m[D][sensor:124]: 'Humidity' >> 38 %[0m
2026-04-22T12:40:50,iot/dht11/sensor/humidity/state,2,38
2026-04-22T12:40:51,iot/mq/debug,50,[0;36m[D][sensor:124]: 'Gas Sensor' >> 0.51 V[0m
2026-04-22T12:40:51,iot/mq/sensor/gas_sensor/state,4,0.51
2026-04-22T12:40:56,iot/mq/debug,50,[0;36m[D][sensor:124]: 'Gas Sensor' >> 0.51 V[0m
2026-04-22T12:40:56,iot/mq/sensor/gas_sensor/state,4,0.51
2026-04-22T12:41:00,iot/dht11/debug,59,[0;36m[D][dht:048]: Temperature 24.8°C Humidity 38.0%[0m
2026-04-22T12:41:00,iot/dht11/debug,53,[0;36m[D][sensor:124]: 'Temperature' >> 24.8 °C[0m
2026-04-22T12:41:00,iot/dht11/sensor/temperature/state,4,24.8
2026-04-22T12:41:00,iot/dht11/debug,46,[0;36m[D][sensor:124]: 'Humidity' >> 38 %[0m
2026-04-22T12:41:00,iot/dht11/sensor/humidity/state,2,38
2026-04-22T12:41:01,iot/mq/debug,50,[0;36m[D][sensor:124]: 'Gas Sensor' >> 0.51 V[0m
2026-04-22T12:41:01,iot/mq/sensor/gas_sensor/state,4,0.51
2026-04-22T12:41:06,iot/mq/debug,50,[0;36m[D][sensor:124]: 'Gas Sensor' >> 0.51 V[0m
2026-04-22T12:41:06,iot/mq/sensor/gas_sensor/state,4,0.51
2026-04-22T12:41:10,iot/dht11/debug,59,[0;36m[D][dht:048]: Temperature 24.8°C Humidity 38.0%[0m
2026-04-22T12:41:10,iot/dht11/debug,53,[0;36m[D][sensor:124]: 'Temperature' >> 24.8 °C[0m
2026-04-22T12:41:10,iot/dht11/sensor/temperature/state,4,24.8
2026-04-22T12:41:10,iot/dht11/debug,46,[0;36m[D][sensor:124]: 'Humidity' >> 38 %[0m
2026-04-22T12:41:10,iot/dht11/sensor/humidity/state,2,38
2026-04-22T12:41:11,iot/mq/debug,50,[0;36m[D][sensor:124]: 'Gas Sensor' >> 0.51 V[0m
2026-04-22T12:41:11,iot/mq/sensor/gas_sensor/state,4,0.51
2026-04-22T12:41:16,iot/mq/debug,50,[0;36m[D][sensor:124]: 'Gas Sensor' >> 0.51 V[0m
2026-04-22T12:41:16,iot/mq/sensor/gas_sensor/state,4,0.51
2026-04-22T12:41:20,iot/dht11/debug,59,[0;36m[D][dht:048]: Temperature 24.8°C Humidity 38.0%[0m
2026-04-22T12:41:20,iot/dht11/debug,53,[0;36m[D][sensor:124]: 'Temperature' >> 24.8 °C[0m
2026-04-22T12:41:20,iot/dht11/sensor/temperature/state,4,24.8
2026-04-22T12:41:20,iot/dht11/debug,46,[0;36m[D][sensor:124]: 'Humidity' >> 38 %[0m
2026-04-22T12:41:20,iot/dht11/sensor/humidity/state,2,38
2026-04-22T12:41:21,iot/mq/debug,50,[0;36m[D][sensor:124]: 'Gas Sensor' >> 0.51 V[0m
2026-04-22T12:41:21,iot/mq/sensor/gas_sensor/state,4,0.51
2026-04-22T12:41:26,iot/mq/debug,50,[0;36m[D][sensor:124]: 'Gas Sensor' >> 0.51 V[0m
2026-04-22T12:41:26,iot/mq/sensor/gas_sensor/state,4,0.51
2026-04-22T12:41:30,iot/dht11/debug,59,[0;36m[D][dht:048]: Temperature 24.8°C Humidity 38.0%[0m
2026-04-22T12:41:30,iot/dht11/debug,53,[0;36m[D][sensor:124]: 'Temperature' >> 24.8 °C[0m
2026-04-22T12:41:30,iot/dht11/sensor/temperature/state,4,24.8
2026-04-22T12:41:30,iot/dht11/debug,46,[0;36m[D][sensor:124]: 'Humidity' >> 38 %[0m
2026-04-22T12:41:30,iot/dht11/sensor/humidity/state,2,38
2026-04-22T12:41:31,iot/mq/debug,50,[0;36m[D][sensor:124]: 'Gas Sensor' >> 0.51 V[0m
2026-04-22T12:41:31,iot/mq/sensor/gas_sensor/state,4,0.51
2026-04-22T12:41:36,iot/mq/debug,50,[0;36m[D][sensor:124]: 'Gas Sensor' >> 0.51 V[0m
2026-04-22T12:41:36,iot/mq/sensor/gas_sensor/state,4,0.51
2026-04-22T12:41:40,iot/dht11/debug,59,[0;36m[D][dht:048]: Temperature 24.8°C Humidity 38.0%[0m
2026-04-22T12:41:40,iot/dht11/debug,53,[0;36m[D][sensor:124]: 'Temperature' >> 24.8 °C[0m
2026-04-22T12:41:40,iot/dht11/sensor/temperature/state,4,24.8
2026-04-22T12:41:40,iot/dht11/debug,46,[0;36m[D][sensor:124]: 'Humidity' >> 38 %[0m
2026-04-22T12:41:40,iot/dht11/sensor/humidity/state,2,38
2026-04-22T12:41:41,iot/mq/debug,50,[0;36m[D][sensor:124]: 'Gas Sensor' >> 0.51 V[0m
2026-04-22T12:41:41,iot/mq/sensor/gas_sensor/state,4,0.51
2026-04-22T12:41:46,iot/mq/debug,50,[0;36m[D][sensor:124]: 'Gas Sensor' >> 0.51 V[0m
2026-04-22T12:41:46,iot/mq/sensor/gas_sensor/state,4,0.51
2026-04-22T12:41:50,iot/dht11/debug,59,[0;36m[D][dht:048]: Temperature 24.8°C Humidity 38.0%[0m
2026-04-22T12:41:50,iot/dht11/debug,53,[0;36m[D][sensor:124]: 'Temperature' >> 24.8 °C[0m
2026-04-22T12:41:50,iot/dht11/sensor/temperature/state,4,24.8
2026-04-22T12:41:50,iot/dht11/debug,46,[0;36m[D][sensor:124]: 'Humidity' >> 38 %[0m
2026-04-22T12:41:50,iot/dht11/sensor/humidity/state,2,38
2026-04-22T12:41:51,iot/mq/debug,50,[0;36m[D][sensor:124]: 'Gas Sensor' >> 0.51 V[0m
2026-04-22T12:41:51,iot/mq/sensor/gas_sensor/state,4,0.51
2026-04-22T12:41:56,iot/mq/debug,50,[0;36m[D][sensor:124]: 'Gas Sensor' >> 0.51 V[0m
2026-04-22T12:41:56,iot/mq/sensor/gas_sensor/state,4,0.51
2026-04-22T12:42:00,iot/dht11/debug,59,[0;36m[D][dht:048]: Temperature 24.8°C Humidity 38.0%[0m
2026-04-22T12:42:00,iot/dht11/debug,53,[0;36m[D][sensor:124]: 'Temperature' >> 24.8 °C[0m
2026-04-22T12:42:00,iot/dht11/sensor/temperature/state,4,24.8
2026-04-22T12:42:00,iot/dht11/debug,46,[0;36m[D][sensor:124]: 'Humidity' >> 38 %[0m
2026-04-22T12:42:00,iot/dht11/sensor/humidity/state,2,38
2026-04-22T12:42:01,iot/mq/debug,50,[0;36m[D][sensor:124]: 'Gas Sensor' >> 0.51 V[0m
2026-04-22T12:42:01,iot/mq/sensor/gas_sensor/state,4,0.51
2026-04-22T12:42:06,iot/mq/debug,50,[0;36m[D][sensor:124]: 'Gas Sensor' >> 0.51 V[0m
2026-04-22T12:42:06,iot/mq/sensor/gas_sensor/state,4,0.51
2026-04-22T12:42:10,iot/dht11/debug,59,[0;36m[D][dht:048]: Temperature 24.8°C Humidity 38.0%[0m
2026-04-22T12:42:10,iot/dht11/debug,53,[0;36m[D][sensor:124]: 'Temperature' >> 24.8 °C[0m
2026-04-22T12:42:10,iot/dht11/sensor/temperature/state,4,24.8
2026-04-22T12:42:10,iot/dht11/debug,46,[0;36m[D][sensor:124]: 'Humidity' >> 38 %[0m
2026-04-22T12:42:10,iot/dht11/sensor/humidity/state,2,38
2026-04-22T12:42:11,iot/mq/debug,50,[0;36m[D][sensor:124]: 'Gas Sensor' >> 0.51 V[0m
2026-04-22T12:42:11,iot/mq/sensor/gas_sensor/state,4,0.51
2026-04-22T12:42:16,iot/mq/debug,50,[0;36m[D][sensor:124]: 'Gas Sensor' >> 0.51 V[0m
2026-04-22T12:42:16,iot/mq/sensor/gas_sensor/state,4,0.51
2026-04-22T12:42:20,iot/dht11/debug,59,[0;36m[D][dht:048]: Temperature 24.8°C Humidity 38.0%[0m
2026-04-22T12:42:20,iot/dht11/debug,53,[0;36m[D][sensor:124]: 'Temperature' >> 24.8 °C[0m
2026-04-22T12:42:20,iot/dht11/sensor/temperature/state,4,24.8
2026-04-22T12:42:20,iot/dht11/debug,46,[0;36m[D][sensor:124]: 'Humidity' >> 38 %[0m
2026-04-22T12:42:20,iot/dht11/sensor/humidity/state,2,38
2026-04-22T12:42:21,iot/mq/debug,50,[0;36m[D][sensor:124]: 'Gas Sensor' >> 0.51 V[0m
2026-04-22T12:42:21,iot/mq/sensor/gas_sensor/state,4,0.51
2026-04-22T12:42:26,iot/mq/debug,50,[0;36m[D][sensor:124]: 'Gas Sensor' >> 0.51 V[0m
2026-04-22T12:42:26,iot/mq/sensor/gas_sensor/state,4,0.51
2026-04-22T12:42:30,iot/dht11/debug,59,[0;36m[D][dht:048]: Temperature 24.8°C Humidity 38.0%[0m
2026-04-22T12:42:30,iot/dht11/debug,53,[0;36m[D][sensor:124]: 'Temperature' >> 24.8 °C[0m
2026-04-22T12:42:30,iot/dht11/sensor/temperature/state,4,24.8
2026-04-22T12:42:30,iot/dht11/debug,46,[0;36m[D][sensor:124]: 'Humidity' >> 38 %[0m
2026-04-22T12:42:30,iot/dht11/sensor/humidity/state,2,38
2026-04-22T12:42:31,iot/mq/debug,50,[0;36m[D][sensor:124]: 'Gas Sensor' >> 0.51 V[0m
2026-04-22T12:42:31,iot/mq/sensor/gas_sensor/state,4,0.51
2026-04-22T12:42:36,iot/mq/debug,50,[0;36m[D][sensor:124]: 'Gas Sensor' >> 0.51 V[0m
2026-04-22T12:42:36,iot/mq/sensor/gas_sensor/state,4,0.51
2026-04-22T12:42:39,iot/pir/binary_sensor/motion/state,3,OFF
2026-04-22T12:42:39,iot/pir/debug,50,[0;36m[D][binary_sensor:048]: 'Motion' >> OFF[0m
2026-04-22T12:42:40,iot/dht11/debug,59,[0;36m[D][dht:048]: Temperature 24.8°C Humidity 38.0%[0m
2026-04-22T12:42:40,iot/dht11/debug,53,[0;36m[D][sensor:124]: 'Temperature' >> 24.8 °C[0m
2026-04-22T12:42:40,iot/dht11/sensor/temperature/state,4,24.8
2026-04-22T12:42:40,iot/dht11/debug,46,[0;36m[D][sensor:124]: 'Humidity' >> 38 %[0m
2026-04-22T12:42:40,iot/dht11/sensor/humidity/state,2,38
2026-04-22T12:42:41,iot/mq/debug,50,[0;36m[D][sensor:124]: 'Gas Sensor' >> 0.51 V[0m
2026-04-22T12:42:41,iot/mq/sensor/gas_sensor/state,4,0.51
2026-04-22T12:42:46,iot/mq/debug,50,[0;36m[D][sensor:124]: 'Gas Sensor' >> 0.51 V[0m
2026-04-22T12:42:46,iot/mq/sensor/gas_sensor/state,4,0.51
2026-04-22T12:42:50,iot/dht11/debug,59,[0;36m[D][dht:048]: Temperature 24.8°C Humidity 38.0%[0m
2026-04-22T12:42:50,iot/dht11/debug,53,[0;36m[D][sensor:124]: 'Temperature' >> 24.8 °C[0m
2026-04-22T12:42:50,iot/dht11/sensor/temperature/state,4,24.8
2026-04-22T12:42:50,iot/dht11/debug,46,[0;36m[D][sensor:124]: 'Humidity' >> 38 %[0m
2026-04-22T12:42:50,iot/dht11/sensor/humidity/state,2,38
2026-04-22T12:42:51,iot/mq/debug,50,[0;36m[D][sensor:124]: 'Gas Sensor' >> 0.51 V[0m
2026-04-22T12:42:51,iot/mq/sensor/gas_sensor/state,4,0.51
2026-04-22T12:42:56,iot/mq/debug,50,[0;36m[D][sensor:124]: 'Gas Sensor' >> 0.51 V[0m
2026-04-22T12:42:56,iot/mq/sensor/gas_sensor/state,4,0.51
2026-04-22T12:43:00,iot/dht11/debug,59,[0;36m[D][dht:048]: Temperature 24.8°C Humidity 38.0%[0m
2026-04-22T12:43:00,iot/dht11/debug,53,[0;36m[D][sensor:124]: 'Temperature' >> 24.8 °C[0m
2026-04-22T12:43:00,iot/dht11/sensor/temperature/state,4,24.8
2026-04-22T12:43:00,iot/dht11/debug,46,[0;36m[D][sensor:124]: 'Humidity' >> 38 %[0m
2026-04-22T12:43:00,iot/dht11/sensor/humidity/state,2,38
2026-04-22T12:43:01,iot/mq/debug,50,[0;36m[D][sensor:124]: 'Gas Sensor' >> 0.51 V[0m
2026-04-22T12:43:01,iot/mq/sensor/gas_sensor/state,4,0.51
2026-04-22T12:43:06,iot/mq/debug,50,[0;36m[D][sensor:124]: 'Gas Sensor' >> 0.51 V[0m
2026-04-22T12:43:06,iot/mq/sensor/gas_sensor/state,4,0.51
2026-04-22T12:43:10,iot/dht11/debug,59,[0;36m[D][dht:048]: Temperature 24.8°C Humidity 38.0%[0m
2026-04-22T12:43:10,iot/dht11/debug,53,[0;36m[D][sensor:124]: 'Temperature' >> 24.8 °C[0m
2026-04-22T12:43:10,iot/dht11/sensor/temperature/state,4,24.8
2026-04-22T12:43:10,iot/dht11/debug,46,[0;36m[D][sensor:124]: 'Humidity' >> 38 %[0m
2026-04-22T12:43:10,iot/dht11/sensor/humidity/state,2,38
2026-04-22T12:43:11,iot/mq/debug,50,[0;36m[D][sensor:124]: 'Gas Sensor' >> 0.51 V[0m
2026-04-22T12:43:11,iot/mq/sensor/gas_sensor/state,4,0.51
2026-04-22T12:43:16,iot/mq/debug,50,[0;36m[D][sensor:124]: 'Gas Sensor' >> 0.51 V[0m
2026-04-22T12:43:16,iot/mq/sensor/gas_sensor/state,4,0.51
2026-04-22T12:43:20,iot/dht11/debug,59,[0;36m[D][dht:048]: Temperature 24.8°C Humidity 38.0%[0m
2026-04-22T12:43:20,iot/dht11/debug,53,[0;36m[D][sensor:124]: 'Temperature' >> 24.8 °C[0m
2026-04-22T12:43:20,iot/dht11/sensor/temperature/state,4,24.8
2026-04-22T12:43:20,iot/dht11/debug,46,[0;36m[D][sensor:124]: 'Humidity' >> 38 %[0m
2026-04-22T12:43:20,iot/dht11/sensor/humidity/state,2,38
2026-04-22T12:43:21,iot/mq/debug,50,[0;36m[D][sensor:124]: 'Gas Sensor' >> 0.51 V[0m
2026-04-22T12:43:21,iot/mq/sensor/gas_sensor/state,4,0.51
2026-04-22T12:43:26,iot/mq/debug,50,[0;36m[D][sensor:124]: 'Gas Sensor' >> 0.51 V[0m
2026-04-22T12:43:26,iot/mq/sensor/gas_sensor/state,4,0.51
2026-04-22T12:43:30,iot/dht11/debug,59,[0;36m[D][dht:048]: Temperature 24.8°C Humidity 38.0%[0m
2026-04-22T12:43:30,iot/dht11/debug,53,[0;36m[D][sensor:124]: 'Temperature' >> 24.8 °C[0m
2026-04-22T12:43:30,iot/dht11/sensor/temperature/state,4,24.8
2026-04-22T12:43:30,iot/dht11/debug,46,[0;36m[D][sensor:124]: 'Humidity' >> 38 %[0m
2026-04-22T12:43:30,iot/dht11/sensor/humidity/state,2,38
2026-04-22T12:43:31,iot/mq/debug,50,[0;36m[D][sensor:124]: 'Gas Sensor' >> 0.51 V[0m
2026-04-22T12:43:31,iot/mq/sensor/gas_sensor/state,4,0.51
2026-04-22T12:43:36,iot/mq/debug,50,[0;36m[D][sensor:124]: 'Gas Sensor' >> 0.51 V[0m
2026-04-22T12:43:36,iot/mq/sensor/gas_sensor/state,4,0.51
2026-04-22T12:43:40,iot/dht11/debug,59,[0;36m[D][dht:048]: Temperature 24.8°C Humidity 38.0%[0m
2026-04-22T12:43:40,iot/dht11/debug,53,[0;36m[D][sensor:124]: 'Temperature' >> 24.8 °C[0m
2026-04-22T12:43:40,iot/dht11/sensor/temperature/state,4,24.8
2026-04-22T12:43:40,iot/dht11/debug,46,[0;36m[D][sensor:124]: 'Humidity' >> 38 %[0m
2026-04-22T12:43:40,iot/dht11/sensor/humidity/state,2,38
2026-04-22T12:43:41,iot/mq/debug,50,[0;36m[D][sensor:124]: 'Gas Sensor' >> 0.51 V[0m
2026-04-22T12:43:41,iot/mq/sensor/gas_sensor/state,4,0.51
2026-04-22T12:43:46,iot/mq/debug,50,[0;36m[D][sensor:124]: 'Gas Sensor' >> 0.51 V[0m
2026-04-22T12:43:46,iot/mq/sensor/gas_sensor/state,4,0.51
2026-04-22T12:43:50,iot/dht11/debug,59,[0;36m[D][dht:048]: Temperature 24.8°C Humidity 38.0%[0m
2026-04-22T12:43:50,iot/dht11/debug,53,[0;36m[D][sensor:124]: 'Temperature' >> 24.8 °C[0m
2026-04-22T12:43:50,iot/dht11/sensor/temperature/state,4,24.8
2026-04-22T12:43:50,iot/dht11/debug,46,[0;36m[D][sensor:124]: 'Humidity' >> 38 %[0m
2026-04-22T12:43:50,iot/dht11/sensor/humidity/state,2,38
2026-04-22T12:43:51,iot/mq/debug,50,[0;36m[D][sensor:124]: 'Gas Sensor' >> 0.51 V[0m
2026-04-22T12:43:51,iot/mq/sensor/gas_sensor/state,4,0.51
2026-04-22T12:43:56,iot/mq/debug,50,[0;36m[D][sensor:124]: 'Gas Sensor' >> 0.51 V[0m
2026-04-22T12:43:56,iot/mq/sensor/gas_sensor/state,4,0.51
2026-04-22T12:44:00,iot/dht11/debug,59,[0;36m[D][dht:048]: Temperature 24.8°C Humidity 38.0%[0m
2026-04-22T12:44:00,iot/dht11/debug,53,[0;36m[D][sensor:124]: 'Temperature' >> 24.8 °C[0m
2026-04-22T12:44:00,iot/dht11/sensor/temperature/state,4,24.8
2026-04-22T12:44:00,iot/dht11/debug,46,[0;36m[D][sensor:124]: 'Humidity' >> 38 %[0m
2026-04-22T12:44:00,iot/dht11/sensor/humidity/state,2,38
2026-04-22T12:44:01,iot/mq/debug,50,[0;36m[D][sensor:124]: 'Gas Sensor' >> 0.51 V[0m
2026-04-22T12:44:01,iot/mq/sensor/gas_sensor/state,4,0.51
2026-04-22T12:44:06,iot/mq/debug,50,[0;36m[D][sensor:124]: 'Gas Sensor' >> 0.51 V[0m
2026-04-22T12:44:06,iot/mq/sensor/gas_sensor/state,4,0.51
2026-04-22T12:44:09,iot/pir/binary_sensor/motion/state,2,ON
2026-04-22T12:44:09,iot/pir/debug,49,[0;36m[D][binary_sensor:048]: 'Motion' >> ON[0m
2026-04-22T12:44:10,iot/dht11/debug,59,[0;36m[D][dht:048]: Temperature 24.8°C Humidity 38.0%[0m
2026-04-22T12:44:10,iot/dht11/debug,53,[0;36m[D][sensor:124]: 'Temperature' >> 24.8 °C[0m
2026-04-22T12:44:10,iot/dht11/sensor/temperature/state,4,24.8
2026-04-22T12:44:10,iot/dht11/debug,46,[0;36m[D][sensor:124]: 'Humidity' >> 38 %[0m
2026-04-22T12:44:10,iot/dht11/sensor/humidity/state,2,38
2026-04-22T12:44:11,iot/mq/debug,50,[0;36m[D][sensor:124]: 'Gas Sensor' >> 0.51 V[0m
2026-04-22T12:44:11,iot/mq/sensor/gas_sensor/state,4,0.51
2026-04-22T12:44:16,iot/mq/debug,50,[0;36m[D][sensor:124]: 'Gas Sensor' >> 0.51 V[0m
2026-04-22T12:44:16,iot/mq/sensor/gas_sensor/state,4,0.51
2026-04-22T12:44:20,iot/dht11/debug,59,[0;36m[D][dht:048]: Temperature 24.8°C Humidity 38.0%[0m
2026-04-22T12:44:20,iot/dht11/debug,53,[0;36m[D][sensor:124]: 'Temperature' >> 24.8 °C[0m
2026-04-22T12:44:20,iot/dht11/sensor/temperature/state,4,24.8
2026-04-22T12:44:20,iot/dht11/debug,46,[0;36m[D][sensor:124]: 'Humidity' >> 38 %[0m
2026-04-22T12:44:20,iot/dht11/sensor/humidity/state,2,38
2026-04-22T12:44:21,iot/mq/debug,50,[0;36m[D][sensor:124]: 'Gas Sensor' >> 0.51 V[0m
2026-04-22T12:44:21,iot/mq/sensor/gas_sensor/state,4,0.51
2026-04-22T12:44:26,iot/mq/debug,50,[0;36m[D][sensor:124]: 'Gas Sensor' >> 0.51 V[0m
2026-04-22T12:44:26,iot/mq/sensor/gas_sensor/state,4,0.51
2026-04-22T12:44:30,iot/dht11/debug,59,[0;36m[D][dht:048]: Temperature 24.8°C Humidity 38.0%[0m
2026-04-22T12:44:30,iot/dht11/debug,53,[0;36m[D][sensor:124]: 'Temperature' >> 24.8 °C[0m
2026-04-22T12:44:30,iot/dht11/sensor/temperature/state,4,24.8
2026-04-22T12:44:30,iot/dht11/debug,46,[0;36m[D][sensor:124]: 'Humidity' >> 38 %[0m
2026-04-22T12:44:30,iot/dht11/sensor/humidity/state,2,38
2026-04-22T12:44:31,iot/mq/debug,50,[0;36m[D][sensor:124]: 'Gas Sensor' >> 0.51 V[0m
2026-04-22T12:44:31,iot/mq/sensor/gas_sensor/state,4,0.51
2026-04-22T12:44:36,iot/mq/debug,50,[0;36m[D][sensor:124]: 'Gas Sensor' >> 0.51 V[0m
2026-04-22T12:44:36,iot/mq/sensor/gas_sensor/state,4,0.51
2026-04-22T12:44:40,iot/dht11/debug,59,[0;36m[D][dht:048]: Temperature 24.8°C Humidity 38.0%[0m
2026-04-22T12:44:40,iot/dht11/debug,53,[0;36m[D][sensor:124]: 'Temperature' >> 24.8 °C[0m
2026-04-22T12:44:40,iot/dht11/sensor/temperature/state,4,24.8
2026-04-22T12:44:40,iot/dht11/debug,46,[0;36m[D][sensor:124]: 'Humidity' >> 38 %[0m
2026-04-22T12:44:40,iot/dht11/sensor/humidity/state,2,38
2026-04-22T12:44:41,iot/mq/debug,50,[0;36m[D][sensor:124]: 'Gas Sensor' >> 0.51 V[0m
2026-04-22T12:44:41,iot/mq/sensor/gas_sensor/state,4,0.51
2026-04-22T12:44:46,iot/mq/debug,50,[0;36m[D][sensor:124]: 'Gas Sensor' >> 0.51 V[0m
2026-04-22T12:44:46,iot/mq/sensor/gas_sensor/state,4,0.51
2026-04-22T12:44:50,iot/dht11/debug,59,[0;36m[D][dht:048]: Temperature 24.8°C Humidity 38.0%[0m
2026-04-22T12:44:50,iot/dht11/debug,53,[0;36m[D][sensor:124]: 'Temperature' >> 24.8 °C[0m
2026-04-22T12:44:50,iot/dht11/sensor/temperature/state,4,24.8
2026-04-22T12:44:50,iot/dht11/debug,46,[0;36m[D][sensor:124]: 'Humidity' >> 38 %[0m
2026-04-22T12:44:50,iot/dht11/sensor/humidity/state,2,38
2026-04-22T12:44:51,iot/mq/debug,50,[0;36m[D][sensor:124]: 'Gas Sensor' >> 0.51 V[0m
2026-04-22T12:44:51,iot/mq/sensor/gas_sensor/state,4,0.51
2026-04-22T12:44:56,iot/mq/debug,50,[0;36m[D][sensor:124]: 'Gas Sensor' >> 0.51 V[0m
2026-04-22T12:44:56,iot/mq/sensor/gas_sensor/state,4,0.51
2026-04-22T12:45:00,iot/dht11/debug,59,[0;36m[D][dht:048]: Temperature 24.8°C Humidity 38.0%[0m
2026-04-22T12:45:00,iot/dht11/debug,53,[0;36m[D][sensor:124]: 'Temperature' >> 24.8 °C[0m
2026-04-22T12:45:00,iot/dht11/sensor/temperature/state,4,24.8
2026-04-22T12:45:00,iot/dht11/debug,46,[0;36m[D][sensor:124]: 'Humidity' >> 38 %[0m
2026-04-22T12:45:00,iot/dht11/sensor/humidity/state,2,38
2026-04-22T12:45:01,iot/mq/debug,50,[0;36m[D][sensor:124]: 'Gas Sensor' >> 0.51 V[0m
2026-04-22T12:45:01,iot/mq/sensor/gas_sensor/state,4,0.51
2026-04-22T12:45:06,iot/mq/debug,50,[0;36m[D][sensor:124]: 'Gas Sensor' >> 0.51 V[0m
2026-04-22T12:45:06,iot/mq/sensor/gas_sensor/state,4,0.51
