timestamp,hostname,cpu_percent,ram_percent,ram_used_mb,ram_available_mb,load_1,load_5,load_15,bytes_sent_total,bytes_recv_total,bytes_sent_diff,bytes_recv_diff,packets_sent_total,packets_recv_total,packets_sent_diff,packets_recv_diff
2026-04-21T17:23:22,IoT-Monitoring-PI,0.0,9.0,288.41,3685.91,0.0186,0.0088,0.0054,2274183,12337146,0,0,25572,150210,0,0
2026-04-21T17:23:23,IoT-Monitoring-PI,0.0,9.0,290.16,3684.22,0.0166,0.0083,0.0049,2277063,12342332,2880,5186,25604,150279,32,69
2026-04-21T17:23:24,IoT-Monitoring-PI,0.2,9.0,290.12,3684.23,0.0166,0.0083,0.0049,2277667,12343566,604,1234,25611,150298,7,19
2026-04-21T17:23:25,IoT-Monitoring-PI,0.3,9.0,289.28,3685.11,0.0166,0.0083,0.0049,2277667,12344632,0,1066,25611,150313,0,15
2026-04-21T17:23:26,IoT-Monitoring-PI,0.0,9.0,288.77,3685.62,0.0166,0.0083,0.0049,2277667,12349358,0,4726,25611,150377,0,64
2026-04-21T17:23:27,IoT-Monitoring-PI,0.0,9.0,288.11,3686.28,0.0166,0.0083,0.0049,2277667,12354590,0,5232,25611,150449,0,72
2026-04-21T17:23:28,IoT-Monitoring-PI,0.0,9.0,287.62,3686.77,0.0151,0.0078,0.0044,2277667,12361780,0,7190,25611,150546,0,97
2026-04-21T17:23:29,IoT-Monitoring-PI,0.2,9.0,287.62,3686.77,0.0151,0.0078,0.0044,2277667,12366478,0,4698,25611,150609,0,63
2026-04-21T17:23:30,IoT-Monitoring-PI,0.0,8.9,286.09,3688.28,0.0151,0.0078,0.0044,2277667,12371334,0,4856,25611,150676,0,67
2026-04-21T17:23:31,IoT-Monitoring-PI,0.2,8.9,285.52,3688.86,0.0151,0.0078,0.0044,2277667,12372416,0,1082,25611,150693,0,17
2026-04-21T17:23:32,IoT-Monitoring-PI,0.0,8.9,285.52,3688.86,0.0151,0.0078,0.0044,2277667,12372600,0,184,25611,150697,0,4
2026-04-21T17:23:33,IoT-Monitoring-PI,0.0,8.9,285.02,3689.36,0.0137,0.0073,0.0039,2277667,12373060,0,460,25611,150705,0,8
2026-04-21T17:23:34,IoT-Monitoring-PI,0.2,8.9,284.25,3690.12,0.0137,0.0073,0.0039,2277731,12373336,64,276,25612,150711,1,6
2026-04-21T17:23:35,IoT-Monitoring-PI,0.0,8.9,284.66,3689.69,0.0137,0.0073,0.0039,2277731,12373658,0,322,25612,150718,0,7
2026-04-21T17:23:36,IoT-Monitoring-PI,0.2,8.9,284.36,3689.97,0.0137,0.0073,0.0039,2277731,12374216,0,558,25612,150724,0,6
2026-04-21T17:23:37,IoT-Monitoring-PI,0.0,8.9,283.92,3690.41,0.0137,0.0073,0.0039,2277731,12374216,0,0,25612,150724,0,0
2026-04-21T17:23:38,IoT-Monitoring-PI,0.0,8.9,283.06,3691.27,0.0122,0.0068,0.0034,2277731,12374492,0,276,25612,150728,0,4
2026-04-21T17:23:39,IoT-Monitoring-PI,0.2,8.8,282.86,3691.47,0.0122,0.0068,0.0034,2277731,12374492,0,0,25612,150728,0,0
2026-04-21T17:23:40,IoT-Monitoring-PI,0.0,8.8,282.47,3691.86,0.0122,0.0068,0.0034,2277731,12374492,0,0,25612,150728,0,0
2026-04-21T17:23:41,IoT-Monitoring-PI,0.2,8.8,282.47,3691.86,0.0122,0.0068,0.0034,2277731,12374630,0,138,25612,150731,0,3
2026-04-21T17:23:42,IoT-Monitoring-PI,0.2,8.8,282.25,3692.06,0.0122,0.0068,0.0034,2277731,12374630,0,0,25612,150731,0,0
2026-04-21T17:23:43,IoT-Monitoring-PI,0.2,8.8,281.66,3692.66,0.0107,0.0063,0.0029,2277731,12375274,0,644,25612,150743,0,12
2026-04-21T17:23:44,IoT-Monitoring-PI,0.0,8.8,281.45,3692.86,0.0107,0.0063,0.0029,2277795,12375550,64,276,25613,150749,1,6
2026-04-21T17:23:45,IoT-Monitoring-PI,0.0,8.8,281.67,3692.64,0.0107,0.0063,0.0029,2277795,12375550,0,0,25613,150749,0,0
2026-04-21T17:23:46,IoT-Monitoring-PI,0.0,8.8,281.47,3692.88,0.0107,0.0063,0.0029,2277795,12376016,0,466,25613,150753,0,4
2026-04-21T17:23:47,IoT-Monitoring-PI,0.3,8.8,281.31,3693.03,0.0107,0.0063,0.0029,2277795,12376016,0,0,25613,150753,0,0
2026-04-21T17:23:48,IoT-Monitoring-PI,0.0,8.8,281.3,3693.03,0.0098,0.0059,0.0024,2277795,12376292,0,276,25613,150757,0,4
2026-04-21T17:23:49,IoT-Monitoring-PI,0.2,8.8,281.19,3693.14,0.0098,0.0059,0.0024,2277795,12376430,0,138,25613,150760,0,3
2026-04-21T17:23:50,IoT-Monitoring-PI,0.0,8.8,281.08,3693.25,0.0098,0.0059,0.0024,2277795,12376430,0,0,25613,150760,0,0
2026-04-21T17:23:51,IoT-Monitoring-PI,0.0,8.8,282.7,3691.59,0.0098,0.0059,0.0024,2277795,12376798,0,368,25613,150768,0,8
2026-04-21T17:23:52,IoT-Monitoring-PI,0.2,8.8,282.48,3691.81,0.0098,0.0059,0.0024,2277795,12376798,0,0,25613,150768,0,0
2026-04-21T17:23:53,IoT-Monitoring-PI,0.2,8.8,282.38,3691.92,0.0088,0.0054,0.002,2277795,12377074,0,276,25613,150772,0,4
2026-04-21T17:23:54,IoT-Monitoring-PI,0.0,8.8,282.14,3692.14,0.0088,0.0054,0.002,2277795,12377074,0,0,25613,150772,0,0
2026-04-21T17:23:55,IoT-Monitoring-PI,0.0,8.8,282.25,3692.03,0.0088,0.0054,0.002,2277859,12377350,64,276,25614,150778,1,6
2026-04-21T17:23:56,IoT-Monitoring-PI,0.0,8.8,282.25,3692.03,0.0088,0.0054,0.002,2277859,12377816,0,466,25614,150782,0,4
2026-04-21T17:23:57,IoT-Monitoring-PI,0.2,8.8,282.09,3692.19,0.0088,0.0054,0.002,2277859,12377954,0,138,25614,150785,0,3
2026-04-21T17:23:58,IoT-Monitoring-PI,0.0,8.8,281.64,3692.64,0.0078,0.0049,0.0015,2277859,12378230,0,276,25614,150789,0,4
2026-04-21T17:23:59,IoT-Monitoring-PI,0.3,8.8,281.53,3692.75,0.0078,0.0049,0.0015,2277859,12378598,0,368,25614,150797,0,8
2026-04-21T17:24:00,IoT-Monitoring-PI,0.2,8.8,281.52,3692.75,0.0078,0.0049,0.0015,2277859,12378598,0,0,25614,150797,0,0
2026-04-21T17:24:01,IoT-Monitoring-PI,0.0,8.8,281.19,3693.08,0.0078,0.0049,0.0015,2277859,12378598,0,0,25614,150797,0,0
2026-04-21T17:24:02,IoT-Monitoring-PI,0.0,8.8,281.09,3693.17,0.0078,0.0049,0.0015,2277859,12378598,0,0,25614,150797,0,0
2026-04-21T17:24:03,IoT-Monitoring-PI,0.3,8.8,280.94,3693.33,0.0068,0.0044,0.001,2277859,12378874,0,276,25614,150801,0,4
2026-04-21T17:24:04,IoT-Monitoring-PI,0.0,8.8,280.94,3693.33,0.0068,0.0044,0.001,2277859,12378874,0,0,25614,150801,0,0
2026-04-21T17:24:05,IoT-Monitoring-PI,0.2,8.8,281.14,3693.11,0.0068,0.0044,0.001,2277923,12379288,64,414,25615,150810,1,9
2026-04-21T17:24:06,IoT-Monitoring-PI,0.0,8.8,281.34,3692.89,0.0068,0.0044,0.001,2277923,12379754,0,466,25615,150814,0,4
2026-04-21T17:24:07,IoT-Monitoring-PI,0.0,8.8,282.06,3692.14,0.0068,0.0044,0.001,2277923,12380076,0,322,25615,150821,0,7
2026-04-21T17:24:08,IoT-Monitoring-PI,0.2,8.8,281.75,3692.45,0.0059,0.0039,0.0005,2277923,12380398,0,322,25615,150826,0,5
2026-04-21T17:24:09,IoT-Monitoring-PI,0.2,8.8,281.36,3692.84,0.0059,0.0039,0.0005,2277923,12380398,0,0,25615,150826,0,0
2026-04-21T17:24:10,IoT-Monitoring-PI,0.0,8.8,281.25,3692.95,0.0059,0.0039,0.0005,2277923,12380398,0,0,25615,150826,0,0
2026-04-21T17:24:11,IoT-Monitoring-PI,0.0,8.8,281.44,3692.73,0.0059,0.0039,0.0005,2277923,12380398,0,0,25615,150826,0,0
2026-04-21T17:24:12,IoT-Monitoring-PI,0.3,8.8,281.16,3693.02,0.0059,0.0039,0.0005,2277923,12380398,0,0,25615,150826,0,0
2026-04-21T17:24:13,IoT-Monitoring-PI,0.5,8.8,280.86,3693.31,0.0054,0.0034,0.0,2277923,12380812,0,414,25615,150833,0,7
2026-04-21T17:24:14,IoT-Monitoring-PI,0.2,8.8,280.75,3693.42,0.0054,0.0034,0.0,2277923,12380812,0,0,25615,150833,0,0
2026-04-21T17:24:15,IoT-Monitoring-PI,0.0,8.8,281.19,3692.98,0.0054,0.0034,0.0,2277987,12381364,64,552,25616,150845,1,12
2026-04-21T17:24:16,IoT-Monitoring-PI,0.0,8.8,281.06,3693.09,0.0054,0.0034,0.0,2277987,12381876,0,512,25616,150850,0,5
2026-04-21T17:24:17,IoT-Monitoring-PI,0.0,8.8,281.06,3693.09,0.0054,0.0034,0.0,2277987,12381876,0,0,25616,150850,0,0
2026-04-21T17:24:18,IoT-Monitoring-PI,0.2,8.8,281.5,3692.66,0.0049,0.0029,0.0,2277987,12382244,0,368,25616,150856,0,6
2026-04-21T17:24:19,IoT-Monitoring-PI,0.0,8.8,281.12,3693.03,0.0049,0.0029,0.0,2277987,12382290,0,46,25616,150857,0,1
2026-04-21T17:24:20,IoT-Monitoring-PI,0.0,8.8,280.91,3693.25,0.0049,0.0029,0.0,2277987,12382290,0,0,25616,150857,0,0
2026-04-21T17:24:21,IoT-Monitoring-PI,0.0,8.8,280.8,3693.36,0.0049,0.0029,0.0,2277987,12382428,0,138,25616,150860,0,3
2026-04-21T17:24:22,IoT-Monitoring-PI,0.3,8.8,280.67,3693.47,0.0049,0.0029,0.0,2277987,12382474,0,46,25616,150861,0,1
2026-04-21T17:24:23,IoT-Monitoring-PI,0.0,8.8,281.2,3692.92,0.0044,0.0024,0.0,2277987,12383118,0,644,25616,150873,0,12
2026-04-21T17:24:24,IoT-Monitoring-PI,0.2,8.8,281.09,3693.03,0.0044,0.0024,0.0,2277987,12383164,0,46,25616,150874,0,1
2026-04-21T17:24:25,IoT-Monitoring-PI,0.0,8.8,281.2,3692.92,0.0044,0.0024,0.0,2278051,12383440,64,276,25617,150880,1,6
2026-04-21T17:24:26,IoT-Monitoring-PI,0.0,8.8,281.09,3693.03,0.0044,0.0024,0.0,2278051,12383906,0,466,25617,150884,0,4
2026-04-21T17:24:27,IoT-Monitoring-PI,0.2,8.8,280.78,3693.34,0.0044,0.0024,0.0,2278051,12383906,0,0,25617,150884,0,0
2026-04-21T17:24:28,IoT-Monitoring-PI,0.0,8.8,280.88,3693.23,0.0039,0.002,0.0,2278051,12384182,0,276,25617,150888,0,4
2026-04-21T17:24:29,IoT-Monitoring-PI,0.2,8.8,280.88,3693.23,0.0039,0.002,0.0,2278051,12384320,0,138,25617,150891,0,3
2026-04-21T17:24:30,IoT-Monitoring-PI,0.0,8.8,280.44,3693.67,0.0039,0.002,0.0,2278051,12384320,0,0,25617,150891,0,0
2026-04-21T17:24:31,IoT-Monitoring-PI,0.0,8.8,280.55,3693.55,0.0039,0.002,0.0,2278051,12384642,0,322,25617,150898,0,7
2026-04-21T17:24:32,IoT-Monitoring-PI,0.0,8.8,280.42,3693.67,0.0039,0.002,0.0,2278051,12384688,0,46,25617,150899,0,1
2026-04-21T17:24:33,IoT-Monitoring-PI,0.0,8.8,280.42,3693.67,0.0034,0.0015,0.0,2278051,12384964,0,276,25617,150903,0,4
2026-04-21T17:24:34,IoT-Monitoring-PI,0.0,8.8,280.41,3693.67,0.0034,0.0015,0.0,2278051,12384964,0,0,25617,150903,0,0
2026-04-21T17:24:35,IoT-Monitoring-PI,0.3,8.8,280.62,3693.45,0.0034,0.0015,0.0,2278115,12385332,64,368,25618,150911,1,8
2026-04-21T17:24:36,IoT-Monitoring-PI,0.0,8.8,280.52,3693.56,0.0034,0.0015,0.0,2278115,12385844,0,512,25618,150916,0,5
2026-04-21T17:24:37,IoT-Monitoring-PI,0.2,8.8,280.42,3693.66,0.0034,0.0015,0.0,2278115,12385982,0,138,25618,150919,0,3
2026-04-21T17:24:38,IoT-Monitoring-PI,0.0,8.8,280.09,3693.98,0.0029,0.001,0.0,2278115,12386258,0,276,25618,150923,0,4
2026-04-21T17:24:39,IoT-Monitoring-PI,0.0,8.8,280.42,3693.64,0.0029,0.001,0.0,2278115,12386580,0,322,25618,150930,0,7
2026-04-21T17:24:40,IoT-Monitoring-PI,0.0,8.8,280.62,3693.42,0.0029,0.001,0.0,2278115,12386626,0,46,25618,150931,0,1
2026-04-21T17:24:41,IoT-Monitoring-PI,0.2,8.8,280.52,3693.53,0.0029,0.001,0.0,2278115,12386718,0,92,25618,150933,0,2
2026-04-21T17:24:42,IoT-Monitoring-PI,0.5,8.8,280.41,3693.64,0.0029,0.001,0.0,2278115,12386718,0,0,25618,150933,0,0
2026-04-21T17:24:43,IoT-Monitoring-PI,0.0,8.8,280.3,3693.75,0.0024,0.0005,0.0,2278115,12386994,0,276,25618,150937,0,4
2026-04-21T17:24:44,IoT-Monitoring-PI,0.0,8.8,280.3,3693.75,0.0024,0.0005,0.0,2278115,12386994,0,0,25618,150937,0,0
2026-04-21T17:24:45,IoT-Monitoring-PI,0.0,8.8,280.09,3693.95,0.0024,0.0005,0.0,2278115,12387132,0,138,25618,150940,0,3
2026-04-21T17:24:46,IoT-Monitoring-PI,0.2,8.8,280.86,3693.19,0.0024,0.0005,0.0,2278179,12387874,64,742,25619,150950,1,10
2026-04-21T17:24:47,IoT-Monitoring-PI,0.0,8.8,280.84,3693.19,0.0024,0.0005,0.0,2278179,12388150,0,276,25619,150956,0,6
2026-04-21T17:24:48,IoT-Monitoring-PI,0.2,8.8,280.52,3693.52,0.002,0.0,0.0,2278179,12388518,0,368,25619,150962,0,6
2026-04-21T17:24:49,IoT-Monitoring-PI,0.0,8.8,280.52,3693.52,0.002,0.0,0.0,2278179,12388518,0,0,25619,150962,0,0
2026-04-21T17:24:50,IoT-Monitoring-PI,0.5,8.8,280.52,3693.52,0.002,0.0,0.0,2278179,12388518,0,0,25619,150962,0,0
2026-04-21T17:24:51,IoT-Monitoring-PI,0.0,8.8,280.2,3693.83,0.002,0.0,0.0,2278179,12388518,0,0,25619,150962,0,0
2026-04-21T17:24:52,IoT-Monitoring-PI,0.2,8.8,280.41,3693.61,0.002,0.0,0.0,2278179,12388518,0,0,25619,150962,0,0
2026-04-21T17:24:53,IoT-Monitoring-PI,0.0,8.8,280.41,3693.83,0.0015,0.0,0.0,2278179,12388932,0,414,25619,150969,0,7
2026-04-21T17:24:54,IoT-Monitoring-PI,0.2,8.8,280.41,3693.83,0.0015,0.0,0.0,2278179,12388932,0,0,25619,150969,0,0
2026-04-21T17:24:55,IoT-Monitoring-PI,0.0,8.8,281.92,3692.3,0.0015,0.0,0.0,2278179,12389162,0,230,25619,150974,0,5
2026-04-21T17:24:56,IoT-Monitoring-PI,0.2,8.8,282.8,3691.42,0.0015,0.0,0.0,2278243,12389996,64,834,25620,150986,1,12
2026-04-21T17:24:57,IoT-Monitoring-PI,0.0,8.8,282.8,3691.42,0.0015,0.0,0.0,2278243,12389996,0,0,25620,150986,0,0
2026-04-21T17:24:58,IoT-Monitoring-PI,0.0,8.9,283.2,3691.02,0.001,0.0,0.0,2278243,12390272,0,276,25620,150990,0,4
2026-04-21T17:24:59,IoT-Monitoring-PI,0.0,8.9,282.97,3691.25,0.001,0.0,0.0,2278243,12390272,0,0,25620,150990,0,0
2026-04-21T17:25:00,IoT-Monitoring-PI,0.2,8.8,282.67,3691.55,0.001,0.0,0.0,2278243,12390272,0,0,25620,150990,0,0
2026-04-21T17:25:01,IoT-Monitoring-PI,0.2,8.8,282.5,3691.72,0.001,0.0,0.0,2278243,12390410,0,138,25620,150993,0,3
2026-04-21T17:25:02,IoT-Monitoring-PI,0.0,8.8,281.78,3692.44,0.001,0.0,0.0,2278243,12390410,0,0,25620,150993,0,0
2026-04-21T17:25:03,IoT-Monitoring-PI,0.2,8.8,281.56,3692.66,0.0005,0.0,0.0,2278243,12390962,0,552,25620,151003,0,10
2026-04-21T17:25:04,IoT-Monitoring-PI,0.0,8.8,281.56,3692.62,0.0005,0.0,0.0,2278243,12391054,0,92,25620,151005,0,2
2026-04-21T17:25:05,IoT-Monitoring-PI,0.3,8.8,281.31,3692.88,0.0005,0.0,0.0,2278243,12391054,0,0,25620,151005,0,0
2026-04-21T17:25:06,IoT-Monitoring-PI,0.2,8.8,281.86,3692.33,0.0005,0.0,0.0,2278307,12391796,64,742,25621,151015,1,10
2026-04-21T17:25:07,IoT-Monitoring-PI,0.0,8.8,281.86,3692.33,0.0005,0.0,0.0,2278307,12391796,0,0,25621,151015,0,0
2026-04-21T17:25:08,IoT-Monitoring-PI,0.2,8.8,281.62,3692.55,0.0,0.0,0.0,2280283,12395352,1976,3556,25645,151067,24,52
2026-04-21T17:25:09,IoT-Monitoring-PI,0.0,8.8,281.3,3692.86,0.0,0.0,0.0,2280283,12395490,0,138,25645,151070,0,3
2026-04-21T17:25:10,IoT-Monitoring-PI,0.2,8.8,281.39,3692.75,0.0,0.0,0.0,2280283,12395490,0,0,25645,151070,0,0
2026-04-21T17:25:11,IoT-Monitoring-PI,0.2,8.9,282.8,3691.33,0.0,0.0,0.0,2280283,12395766,0,276,25645,151076,0,6
2026-04-21T17:25:12,IoT-Monitoring-PI,0.0,8.8,282.38,3691.75,0.0,0.0,0.0,2280283,12395858,0,92,25645,151078,0,2
2026-04-21T17:25:13,IoT-Monitoring-PI,0.0,8.8,282.06,3692.06,0.0,0.0,0.0,2280283,12396134,0,276,25645,151082,0,4
2026-04-21T17:25:14,IoT-Monitoring-PI,0.2,8.8,282.28,3691.84,0.0,0.0,0.0,2280347,12396226,64,92,25646,151084,1,2
2026-04-21T17:25:15,IoT-Monitoring-PI,0.0,8.8,282.28,3691.84,0.0,0.0,0.0,2280347,12396226,0,0,25646,151084,0,0
2026-04-21T17:25:16,IoT-Monitoring-PI,0.0,8.9,283.08,3691.03,0.0,0.0,0.0,2280411,12396968,64,742,25647,151094,1,10
2026-04-21T17:25:17,IoT-Monitoring-PI,0.0,8.9,282.83,3691.28,0.0,0.0,0.0,2280411,12397106,0,138,25647,151097,0,3
2026-04-21T17:25:18,IoT-Monitoring-PI,0.0,8.9,283.03,3691.08,0.0,0.0,0.0,2280411,12397474,0,368,25647,151103,0,6
2026-04-21T17:25:19,IoT-Monitoring-PI,0.5,8.9,284.12,3689.97,0.0,0.0,0.0,2280411,12397796,0,322,25647,151110,0,7
2026-04-21T17:25:20,IoT-Monitoring-PI,0.2,8.9,283.81,3690.28,0.0,0.0,0.0,2280411,12397888,0,92,25647,151112,0,2
2026-04-21T17:25:21,IoT-Monitoring-PI,0.0,8.9,283.38,3690.72,0.0,0.0,0.0,2280411,12397888,0,0,25647,151112,0,0
2026-04-21T17:25:22,IoT-Monitoring-PI,0.0,8.9,283.39,3690.69,0.0,0.0,0.0,2280411,12397934,0,46,25647,151113,0,1
2026-04-21T17:25:23,IoT-Monitoring-PI,0.0,8.9,283.11,3690.97,0.0,0.0,0.0,2280411,12398256,0,322,25647,151118,0,5
2026-04-21T17:25:24,IoT-Monitoring-PI,0.2,8.8,282.61,3691.47,0.0,0.0,0.0,2280411,12398304,0,48,25647,151119,0,1
2026-04-21T17:25:25,IoT-Monitoring-PI,0.0,8.8,282.16,3691.92,0.0,0.0,0.0,2280411,12398442,0,138,25647,151122,0,3
2026-04-21T17:25:26,IoT-Monitoring-PI,0.3,8.8,282.05,3692.03,0.0,0.0,0.0,2280411,12398908,0,466,25647,151126,0,4
2026-04-21T17:25:27,IoT-Monitoring-PI,0.0,8.8,281.72,3692.34,0.0,0.0,0.0,2280475,12399506,64,598,25648,151139,1,13
2026-04-21T17:25:28,IoT-Monitoring-PI,0.0,8.8,281.5,3692.55,0.0,0.0,0.0,2280475,12399828,0,322,25648,151144,0,5
2026-04-21T17:25:29,IoT-Monitoring-PI,0.0,8.8,281.36,3692.69,0.0,0.0,0.0,2280475,12399828,0,0,25648,151144,0,0
2026-04-21T17:25:30,IoT-Monitoring-PI,0.0,8.8,281.16,3692.89,0.0,0.0,0.0,2280475,12399828,0,0,25648,151144,0,0
2026-04-21T17:25:31,IoT-Monitoring-PI,0.3,8.8,280.86,3693.19,0.0,0.0,0.0,2280475,12399828,0,0,25648,151144,0,0
2026-04-21T17:25:32,IoT-Monitoring-PI,0.0,8.8,280.75,3693.3,0.0,0.0,0.0,2280475,12399828,0,0,25648,151144,0,0
2026-04-21T17:25:33,IoT-Monitoring-PI,0.0,8.8,280.66,3693.39,0.0,0.0,0.0,2280475,12400242,0,414,25648,151151,0,7
2026-04-21T17:25:34,IoT-Monitoring-PI,0.0,8.8,280.64,3693.39,0.0,0.0,0.0,2280475,12400242,0,0,25648,151151,0,0
2026-04-21T17:25:35,IoT-Monitoring-PI,0.3,8.8,281.5,3692.52,0.0,0.0,0.0,2280475,12400518,0,276,25648,151157,0,6
2026-04-21T17:25:36,IoT-Monitoring-PI,0.0,8.8,281.31,3692.7,0.0,0.0,0.0,2280475,12401030,0,512,25648,151162,0,5
2026-04-21T17:25:37,IoT-Monitoring-PI,0.0,8.8,281.97,3692.05,0.0,0.0,0.0,2280539,12401306,64,276,25649,151168,1,6
2026-04-21T17:25:38,IoT-Monitoring-PI,0.2,8.8,281.64,3692.38,0.0,0.0,0.0,2280539,12401582,0,276,25649,151172,0,4
2026-04-21T17:25:39,IoT-Monitoring-PI,0.0,8.8,281.39,3692.61,0.0,0.0,0.0,2280539,12401582,0,0,25649,151172,0,0
2026-04-21T17:25:40,IoT-Monitoring-PI,0.3,8.8,281.59,3692.39,0.0,0.0,0.0,2280539,12401674,0,92,25649,151174,0,2
2026-04-21T17:25:41,IoT-Monitoring-PI,0.2,8.8,281.59,3692.39,0.0,0.0,0.0,2280539,12401858,0,184,25649,151178,0,4
2026-04-21T17:25:42,IoT-Monitoring-PI,0.0,8.8,281.23,3692.75,0.0,0.0,0.0,2280539,12401858,0,0,25649,151178,0,0
2026-04-21T17:25:43,IoT-Monitoring-PI,0.2,8.8,281.23,3692.75,0.0,0.0,0.0,2280539,12402456,0,598,25649,151189,0,11
2026-04-21T17:25:44,IoT-Monitoring-PI,0.2,8.8,280.91,3693.08,0.0,0.0,0.0,2280539,12402502,0,46,25649,151190,0,1
2026-04-21T17:25:45,IoT-Monitoring-PI,0.2,8.8,280.91,3693.08,0.0,0.0,0.0,2280539,12402502,0,0,25649,151190,0,0
2026-04-21T17:25:46,IoT-Monitoring-PI,0.2,8.8,281.44,3692.53,0.0,0.0,0.0,2280539,12403060,0,558,25649,151196,0,6
2026-04-21T17:25:47,IoT-Monitoring-PI,0.0,8.8,281.98,3691.98,0.0,0.0,0.0,2280603,12403336,64,276,25650,151202,1,6
2026-04-21T17:25:48,IoT-Monitoring-PI,0.0,8.8,281.77,3692.2,0.0,0.0,0.0,2280603,12403612,0,276,25650,151206,0,4
2026-04-21T17:25:49,IoT-Monitoring-PI,0.0,8.8,281.33,3692.64,0.0,0.0,0.0,2280603,12403750,0,138,25650,151209,0,3
2026-04-21T17:25:50,IoT-Monitoring-PI,0.2,8.8,281.22,3692.75,0.0,0.0,0.0,2280603,12403750,0,0,25650,151209,0,0
2026-04-21T17:25:51,IoT-Monitoring-PI,0.2,8.8,282.28,3691.66,0.0,0.0,0.0,2280603,12404072,0,322,25650,151216,0,7
2026-04-21T17:25:52,IoT-Monitoring-PI,0.0,8.8,282.05,3691.88,0.0,0.0,0.0,2280603,12404118,0,46,25650,151217,0,1
2026-04-21T17:25:53,IoT-Monitoring-PI,0.3,8.8,281.86,3692.06,0.0,0.0,0.0,2280603,12404394,0,276,25650,151221,0,4
2026-04-21T17:25:54,IoT-Monitoring-PI,0.0,8.8,281.53,3692.39,0.0,0.0,0.0,2280603,12404394,0,0,25650,151221,0,0
2026-04-21T17:25:55,IoT-Monitoring-PI,0.2,8.8,281.34,3692.58,0.0,0.0,0.0,2280603,12404394,0,0,25650,151221,0,0
2026-04-21T17:25:56,IoT-Monitoring-PI,0.0,8.8,281.34,3692.58,0.0,0.0,0.0,2280603,12404860,0,466,25650,151225,0,4
2026-04-21T17:25:57,IoT-Monitoring-PI,0.0,8.8,281.23,3692.69,0.0,0.0,0.0,2280667,12405274,64,414,25651,151234,1,9
2026-04-21T17:25:58,IoT-Monitoring-PI,0.3,8.8,281.44,3692.47,0.0,0.0,0.0,2280667,12405550,0,276,25651,151238,0,4
2026-04-21T17:25:59,IoT-Monitoring-PI,0.0,8.8,281.44,3692.47,0.0,0.0,0.0,2280667,12405872,0,322,25651,151245,0,7
2026-04-21T17:26:00,IoT-Monitoring-PI,0.0,8.8,281.03,3693.05,0.0,0.0,0.0,2280667,12405918,0,46,25651,151246,0,1
2026-04-21T17:26:01,IoT-Monitoring-PI,0.0,8.8,281.03,3693.05,0.0,0.0,0.0,2280667,12405918,0,0,25651,151246,0,0
2026-04-21T17:26:02,IoT-Monitoring-PI,0.0,8.8,281.03,3693.05,0.0,0.0,0.0,2280667,12405918,0,0,25651,151246,0,0
2026-04-21T17:26:03,IoT-Monitoring-PI,0.2,8.8,280.81,3693.27,0.0,0.0,0.0,2280667,12406194,0,276,25651,151250,0,4
2026-04-21T17:26:04,IoT-Monitoring-PI,0.2,8.8,280.91,3693.16,0.0,0.0,0.0,2280667,12406194,0,0,25651,151250,0,0
2026-04-21T17:26:05,IoT-Monitoring-PI,0.0,8.8,280.69,3693.39,0.0,0.0,0.0,2280667,12406332,0,138,25651,151253,0,3
2026-04-21T17:26:06,IoT-Monitoring-PI,0.0,8.8,280.58,3693.5,0.0,0.0,0.0,2280667,12406798,0,466,25651,151257,0,4
2026-04-21T17:26:07,IoT-Monitoring-PI,0.0,8.9,283.94,3690.11,0.0,0.0,0.0,2280667,12407120,0,322,25651,151264,0,7
2026-04-21T17:26:08,IoT-Monitoring-PI,0.2,8.9,284.56,3689.48,0.0,0.0,0.0,2280731,12407718,64,598,25652,151275,1,11
2026-04-21T17:26:09,IoT-Monitoring-PI,0.0,8.9,284.47,3689.58,0.0,0.0,0.0,2280731,12407718,0,0,25652,151275,0,0
2026-04-21T17:26:10,IoT-Monitoring-PI,0.3,8.9,284.58,3689.47,0.0,0.0,0.0,2280731,12407718,0,0,25652,151275,0,0
2026-04-21T17:26:11,IoT-Monitoring-PI,0.0,8.9,283.98,3690.06,0.0,0.0,0.0,2280731,12407718,0,0,25652,151275,0,0
2026-04-21T17:26:12,IoT-Monitoring-PI,0.0,8.9,283.42,3690.62,0.0,0.0,0.0,2280731,12407718,0,0,25652,151275,0,0
2026-04-21T17:26:13,IoT-Monitoring-PI,0.5,8.9,283.42,3690.62,0.0,0.0,0.0,2280731,12408132,0,414,25652,151282,0,7
2026-04-21T17:26:14,IoT-Monitoring-PI,0.0,8.9,283.12,3690.92,0.0,0.0,0.0,2280731,12408132,0,0,25652,151282,0,0
2026-04-21T17:26:15,IoT-Monitoring-PI,0.5,8.9,282.91,3691.14,0.0,0.0,0.0,2280731,12408408,0,276,25652,151288,0,6
2026-04-21T17:26:16,IoT-Monitoring-PI,0.2,8.9,282.73,3691.3,0.0,0.0,0.0,2280731,12409200,0,792,25652,151297,0,9
2026-04-21T17:26:17,IoT-Monitoring-PI,0.0,8.8,282.5,3691.53,0.0,0.0,0.0,2280731,12409200,0,0,25652,151297,0,0
2026-04-21T17:26:18,IoT-Monitoring-PI,0.0,8.9,283.38,3690.66,0.0,0.0,0.0,2280795,12409844,64,644,25653,151309,1,12
2026-04-21T17:26:19,IoT-Monitoring-PI,0.0,8.9,283.38,3690.66,0.0,0.0,0.0,2280795,12409890,0,46,25653,151310,0,1
2026-04-21T17:26:20,IoT-Monitoring-PI,0.2,8.9,282.73,3691.3,0.0,0.0,0.0,2280795,12409890,0,0,25653,151310,0,0
2026-04-21T17:26:21,IoT-Monitoring-PI,0.0,8.8,282.52,3691.52,0.0,0.0,0.0,2280795,12410074,0,184,25653,151314,0,4
2026-04-21T17:26:22,IoT-Monitoring-PI,0.0,8.8,282.45,3691.58,0.0,0.0,0.0,2280795,12410120,0,46,25653,151315,0,1
2026-04-21T17:26:23,IoT-Monitoring-PI,0.0,9.0,289.64,3684.36,0.0,0.0,0.0,2280795,12410764,0,644,25653,151327,0,12
2026-04-21T17:26:24,IoT-Monitoring-PI,0.2,9.0,289.05,3684.95,0.0,0.0,0.0,2280795,12410810,0,46,25653,151328,0,1
2026-04-21T17:26:25,IoT-Monitoring-PI,0.2,9.0,289.05,3684.95,0.0,0.0,0.0,2280795,12410810,0,0,25653,151328,0,0
2026-04-21T17:26:26,IoT-Monitoring-PI,0.0,9.0,288.08,3685.92,0.0,0.0,0.0,2280795,12411276,0,466,25653,151332,0,4
2026-04-21T17:26:27,IoT-Monitoring-PI,0.0,9.0,286.97,3687.03,0.0,0.0,0.0,2280795,12411276,0,0,25653,151332,0,0
2026-04-21T17:26:28,IoT-Monitoring-PI,0.0,8.9,286.48,3687.5,0.0,0.0,0.0,2280859,12411828,64,552,25654,151342,1,10
2026-04-21T17:26:29,IoT-Monitoring-PI,0.2,8.9,285.06,3688.92,0.0,0.0,0.0,2280859,12412244,0,416,25654,151349,0,7
2026-04-21T17:26:30,IoT-Monitoring-PI,0.0,8.9,284.38,3689.61,0.0,0.0,0.0,2280859,12412305,0,61,25654,151350,0,1
2026-04-21T17:26:31,IoT-Monitoring-PI,0.0,8.9,284.27,3689.73,0.0,0.0,0.0,2280859,12412581,0,276,25654,151356,0,6
2026-04-21T17:26:32,IoT-Monitoring-PI,0.0,8.9,283.73,3690.27,0.0,0.0,0.0,2280859,12412673,0,92,25654,151358,0,2
2026-04-21T17:26:33,IoT-Monitoring-PI,0.2,8.9,283.44,3690.56,0.0,0.0,0.0,2280859,12412949,0,276,25654,151362,0,4
2026-04-21T17:26:34,IoT-Monitoring-PI,0.0,8.9,283.38,3690.59,0.0,0.0,0.0,2280859,12412949,0,0,25654,151362,0,0
2026-04-21T17:26:35,IoT-Monitoring-PI,0.3,8.9,283.06,3690.91,0.0,0.0,0.0,2280859,12412949,0,0,25654,151362,0,0
2026-04-21T17:26:36,IoT-Monitoring-PI,0.0,8.8,282.06,3691.91,0.0,0.0,0.0,2280859,12413415,0,466,25654,151366,0,4
2026-04-21T17:26:37,IoT-Monitoring-PI,0.2,8.8,281.84,3692.12,0.0,0.0,0.0,2280859,12413599,0,184,25654,151370,0,4
2026-04-21T17:26:38,IoT-Monitoring-PI,0.0,8.9,282.72,3691.25,0.0,0.0,0.0,2280923,12414151,64,552,25655,151380,1,10
2026-04-21T17:26:39,IoT-Monitoring-PI,0.2,8.9,282.92,3691.03,0.0,0.0,0.0,2280923,12414427,0,276,25655,151386,0,6
2026-04-21T17:26:40,IoT-Monitoring-PI,0.2,8.9,282.75,3691.19,0.0,0.0,0.0,2280923,12414519,0,92,25655,151388,0,2
2026-04-21T17:26:41,IoT-Monitoring-PI,0.0,8.9,282.75,3691.19,0.0,0.0,0.0,2280923,12414519,0,0,25655,151388,0,0
2026-04-21T17:26:42,IoT-Monitoring-PI,0.0,8.8,282.33,3691.62,0.0,0.0,0.0,2280923,12414519,0,0,25655,151388,0,0
2026-04-21T17:26:43,IoT-Monitoring-PI,0.0,8.8,282.33,3691.62,0.0,0.0,0.0,2280923,12414795,0,276,25655,151392,0,4
2026-04-21T17:26:44,IoT-Monitoring-PI,0.2,8.8,282.11,3691.84,0.0,0.0,0.0,2280923,12414795,0,0,25655,151392,0,0
2026-04-21T17:26:45,IoT-Monitoring-PI,0.0,8.8,282.11,3691.84,0.0,0.0,0.0,2280923,12415025,0,230,25655,151397,0,5
2026-04-21T17:26:46,IoT-Monitoring-PI,0.3,8.8,281.97,3691.95,0.0,0.0,0.0,2280923,12415537,0,512,25655,151402,0,5
2026-04-21T17:26:47,IoT-Monitoring-PI,0.0,8.9,283.7,3690.2,0.0,0.0,0.0,2280923,12415813,0,276,25655,151408,0,6
2026-04-21T17:26:48,IoT-Monitoring-PI,0.0,8.9,283.52,3690.39,0.0,0.0,0.0,2280987,12416457,64,644,25656,151420,1,12
2026-04-21T17:26:49,IoT-Monitoring-PI,0.2,8.9,283.41,3690.5,0.0,0.0,0.0,2280987,12416457,0,0,25656,151420,0,0
2026-04-21T17:26:50,IoT-Monitoring-PI,0.2,8.9,282.75,3691.16,0.0,0.0,0.0,2280987,12416457,0,0,25656,151420,0,0
2026-04-21T17:26:51,IoT-Monitoring-PI,0.0,8.9,283.52,3690.38,0.0,0.0,0.0,2280987,12418601,0,2144,25656,151425,0,5
2026-04-21T17:26:52,IoT-Monitoring-PI,0.5,8.9,283.44,3690.45,0.0,0.0,0.0,2280987,12419285,0,684,25656,151426,0,1
2026-04-21T17:26:53,IoT-Monitoring-PI,0.0,8.9,283.16,3690.73,0.0,0.0,0.0,2280987,12420383,0,1098,25656,151434,0,8
2026-04-21T17:26:54,IoT-Monitoring-PI,0.2,8.8,282.28,3691.61,0.0,0.0,0.0,2280987,12421067,0,684,25656,151435,0,1
2026-04-21T17:26:55,IoT-Monitoring-PI,0.2,8.9,282.91,3690.97,0.0,0.0,0.0,2280987,12421297,0,230,25656,151440,0,5
2026-04-21T17:26:56,IoT-Monitoring-PI,0.0,8.8,282.38,3691.5,0.0,0.0,0.0,2280987,12422539,0,1242,25656,151447,0,7
2026-04-21T17:26:57,IoT-Monitoring-PI,0.0,8.8,282.31,3691.53,0.0,0.0,0.0,2280987,12422539,0,0,25656,151447,0,0
2026-04-21T17:26:58,IoT-Monitoring-PI,0.2,8.8,281.92,3691.92,0.0,0.0,0.0,2280987,12422815,0,276,25656,151451,0,4
2026-04-21T17:26:59,IoT-Monitoring-PI,0.0,8.8,282.17,3691.67,0.0,0.0,0.0,2281051,12423091,64,276,25657,151457,1,6
2026-04-21T17:27:00,IoT-Monitoring-PI,0.3,8.8,281.97,3691.88,0.0,0.0,0.0,2281051,12423091,0,0,25657,151457,0,0
2026-04-21T17:27:01,IoT-Monitoring-PI,0.0,8.8,281.75,3692.09,0.0,0.0,0.0,2281051,12423229,0,138,25657,151460,0,3
2026-04-21T17:27:02,IoT-Monitoring-PI,0.2,8.8,281.17,3692.67,0.0,0.0,0.0,2281051,12423229,0,0,25657,151460,0,0
2026-04-21T17:27:03,IoT-Monitoring-PI,0.2,8.9,283.55,3690.27,0.0,0.0,0.0,2281051,12423689,0,460,25657,151468,0,8
2026-04-21T17:27:04,IoT-Monitoring-PI,0.0,8.9,283.33,3690.48,0.0,0.0,0.0,2281051,12424057,0,368,25657,151476,0,8
2026-04-21T17:27:05,IoT-Monitoring-PI,0.0,8.9,283.11,3690.7,0.0,0.0,0.0,2281051,12424057,0,0,25657,151476,0,0
2026-04-21T17:27:06,IoT-Monitoring-PI,0.0,8.9,283.0,3690.81,0.0,0.0,0.0,2281051,12424523,0,466,25657,151480,0,4
2026-04-21T17:27:07,IoT-Monitoring-PI,0.3,8.9,282.55,3691.27,0.0,0.0,0.0,2281051,12424523,0,0,25657,151480,0,0
2026-04-21T17:27:08,IoT-Monitoring-PI,0.2,8.9,282.67,3691.12,0.0,0.0,0.0,2281051,12424799,0,276,25657,151484,0,4
2026-04-21T17:27:09,IoT-Monitoring-PI,0.0,8.9,283.44,3690.36,0.0,0.0,0.0,2281115,12425305,64,506,25658,151495,1,11
2026-04-21T17:27:10,IoT-Monitoring-PI,0.0,8.9,283.05,3690.75,0.0,0.0,0.0,2281115,12425305,0,0,25658,151495,0,0
2026-04-21T17:27:11,IoT-Monitoring-PI,0.0,8.9,286.41,3687.36,0.0,0.0,0.0,2281115,12425305,0,0,25658,151495,0,0
2026-04-21T17:27:12,IoT-Monitoring-PI,0.2,8.9,286.03,3687.73,0.0,0.0,0.0,2281115,12425673,0,368,25658,151503,0,8
2026-04-21T17:27:13,IoT-Monitoring-PI,0.0,8.9,285.92,3687.84,0.0,0.0,0.0,2281115,12425949,0,276,25658,151507,0,4
2026-04-21T17:27:14,IoT-Monitoring-PI,0.2,8.9,285.47,3688.28,0.0,0.0,0.0,2281115,12425949,0,0,25658,151507,0,0
2026-04-21T17:27:15,IoT-Monitoring-PI,0.0,8.9,285.47,3688.28,0.0,0.0,0.0,2281115,12425949,0,0,25658,151507,0,0
2026-04-21T17:27:16,IoT-Monitoring-PI,0.0,8.9,284.62,3689.12,0.0,0.0,0.0,2281115,12426415,0,466,25658,151511,0,4
2026-04-21T17:27:17,IoT-Monitoring-PI,0.0,8.9,283.91,3689.84,0.0,0.0,0.0,2281115,12426599,0,184,25658,151515,0,4
2026-04-21T17:27:18,IoT-Monitoring-PI,0.2,8.9,283.7,3690.05,0.0,0.0,0.0,2281115,12426921,0,322,25658,151520,0,5
2026-04-21T17:27:19,IoT-Monitoring-PI,0.2,8.9,284.22,3689.52,0.0,0.0,0.0,2281179,12427243,64,322,25659,151527,1,7
2026-04-21T17:27:20,IoT-Monitoring-PI,0.0,8.9,284.0,3689.73,0.0,0.0,0.0,2281179,12427611,0,368,25659,151535,0,8
2026-04-21T17:27:21,IoT-Monitoring-PI,0.0,8.9,283.89,3689.84,0.0,0.0,0.0,2281179,12427611,0,0,25659,151535,0,0
2026-04-21T17:27:22,IoT-Monitoring-PI,0.2,8.9,283.69,3690.05,0.0,0.0,0.0,2281179,12427657,0,46,25659,151536,0,1
2026-04-21T17:27:23,IoT-Monitoring-PI,0.0,8.9,283.27,3690.47,0.0,0.0,0.0,2281179,12427979,0,322,25659,151541,0,5
2026-04-21T17:27:24,IoT-Monitoring-PI,0.0,8.9,283.02,3690.72,0.0,0.0,0.0,2281179,12427979,0,0,25659,151541,0,0
2026-04-21T17:27:25,IoT-Monitoring-PI,0.0,8.9,283.22,3690.5,0.0,0.0,0.0,2281179,12428117,0,138,25659,151544,0,3
2026-04-21T17:27:26,IoT-Monitoring-PI,0.5,8.9,283.14,3690.58,0.0,0.0,0.0,2281179,12428583,0,466,25659,151548,0,4
2026-04-21T17:27:27,IoT-Monitoring-PI,0.2,8.9,286.59,3687.58,0.0,0.0,0.0,2281179,12428583,0,0,25659,151548,0,0
2026-04-21T17:27:28,IoT-Monitoring-PI,0.0,8.9,286.25,3687.92,0.0,0.0,0.0,2281179,12429227,0,644,25659,151560,0,12
2026-04-21T17:27:29,IoT-Monitoring-PI,0.0,8.9,286.69,3687.48,0.0,0.0,0.0,2281243,12429503,64,276,25660,151566,1,6
2026-04-21T17:27:30,IoT-Monitoring-PI,0.0,8.9,286.16,3688.02,0.0,0.0,0.0,2281243,12429503,0,0,25660,151566,0,0
2026-04-21T17:27:31,IoT-Monitoring-PI,0.3,8.9,286.25,3687.91,0.0,0.0,0.0,2281243,12429503,0,0,25660,151566,0,0
2026-04-21T17:27:32,IoT-Monitoring-PI,0.0,8.9,285.53,3688.62,0.0,0.0,0.0,2281243,12429503,0,0,25660,151566,0,0
2026-04-21T17:27:33,IoT-Monitoring-PI,0.2,8.9,285.09,3689.06,0.0,0.0,0.0,2281243,12429917,0,414,25660,151573,0,7
2026-04-21T17:27:34,IoT-Monitoring-PI,0.2,8.9,284.56,3689.59,0.0,0.0,0.0,2281243,12429917,0,0,25660,151573,0,0
2026-04-21T17:27:35,IoT-Monitoring-PI,0.0,8.9,284.56,3689.59,0.0,0.0,0.0,2281243,12429917,0,0,25660,151573,0,0
2026-04-21T17:27:36,IoT-Monitoring-PI,0.3,8.9,283.83,3690.33,0.0,0.0,0.0,2281243,12430705,0,788,25660,151584,0,11
2026-04-21T17:27:37,IoT-Monitoring-PI,0.0,8.9,284.03,3690.11,0.0,0.0,0.0,2281243,12430705,0,0,25660,151584,0,0
2026-04-21T17:27:38,IoT-Monitoring-PI,0.3,8.9,283.66,3690.48,0.0,0.0,0.0,2281243,12430981,0,276,25660,151588,0,4
2026-04-21T17:27:39,IoT-Monitoring-PI,0.0,8.9,283.09,3691.05,0.0,0.0,0.0,2281243,12430981,0,0,25660,151588,0,0
2026-04-21T17:27:40,IoT-Monitoring-PI,0.0,8.9,283.97,3690.17,0.0,0.0,0.0,2281307,12431257,64,276,25661,151594,1,6
2026-04-21T17:27:41,IoT-Monitoring-PI,0.3,8.9,283.66,3690.48,0.0,0.0,0.0,2281307,12431395,0,138,25661,151597,0,3
2026-04-21T17:27:42,IoT-Monitoring-PI,0.2,8.9,282.95,3691.19,0.0,0.0,0.0,2281307,12431395,0,0,25661,151597,0,0
2026-04-21T17:27:43,IoT-Monitoring-PI,0.0,9.0,288.17,3685.94,0.0,0.0,0.0,2281307,12431671,0,276,25661,151601,0,4
2026-04-21T17:27:44,IoT-Monitoring-PI,0.2,9.0,287.91,3686.2,0.0,0.0,0.0,2281307,12432039,0,368,25661,151609,0,8
2026-04-21T17:27:45,IoT-Monitoring-PI,0.0,9.0,287.58,3686.53,0.0,0.0,0.0,2281307,12432039,0,0,25661,151609,0,0
2026-04-21T17:27:46,IoT-Monitoring-PI,0.0,9.0,287.03,3687.08,0.0,0.0,0.0,2281307,12432505,0,466,25661,151613,0,4
2026-04-21T17:27:47,IoT-Monitoring-PI,0.0,9.0,287.03,3687.08,0.0,0.0,0.0,2281307,12432505,0,0,25661,151613,0,0
2026-04-21T17:27:48,IoT-Monitoring-PI,0.2,8.9,286.28,3687.81,0.0,0.0,0.0,2281307,12432781,0,276,25661,151617,0,4
2026-04-21T17:27:49,IoT-Monitoring-PI,0.0,8.9,285.97,3688.12,0.0,0.0,0.0,2281307,12432919,0,138,25661,151620,0,3
2026-04-21T17:27:50,IoT-Monitoring-PI,0.0,8.9,286.0,3688.09,0.0,0.0,0.0,2281371,12433287,64,368,25662,151628,1,8
2026-04-21T17:27:51,IoT-Monitoring-PI,0.2,8.9,286.0,3688.09,0.0,0.0,0.0,2281371,12433333,0,46,25662,151629,0,1
2026-04-21T17:27:52,IoT-Monitoring-PI,0.0,8.9,285.33,3688.77,0.0,0.0,0.0,2281371,12433701,0,368,25662,151637,0,8
2026-04-21T17:27:53,IoT-Monitoring-PI,0.0,8.9,284.89,3689.2,0.0,0.0,0.0,2281371,12433977,0,276,25662,151641,0,4
2026-04-21T17:27:54,IoT-Monitoring-PI,0.0,8.9,284.33,3689.75,0.0,0.0,0.0,2281371,12433977,0,0,25662,151641,0,0
2026-04-21T17:27:55,IoT-Monitoring-PI,0.0,8.9,284.33,3689.75,0.0,0.0,0.0,2281371,12433977,0,0,25662,151641,0,0
2026-04-21T17:27:56,IoT-Monitoring-PI,0.2,8.9,284.08,3690.0,0.0,0.0,0.0,2281371,12434535,0,558,25662,151647,0,6
2026-04-21T17:27:57,IoT-Monitoring-PI,0.0,8.9,284.08,3690.0,0.0,0.0,0.0,2281371,12434673,0,138,25662,151650,0,3
2026-04-21T17:27:58,IoT-Monitoring-PI,0.2,8.9,283.45,3690.62,0.0,0.0,0.0,2281371,12434949,0,276,25662,151654,0,4
2026-04-21T17:27:59,IoT-Monitoring-PI,0.0,9.0,287.33,3686.69,0.0,0.0,0.0,2281371,12434949,0,0,25662,151654,0,0
2026-04-21T17:28:00,IoT-Monitoring-PI,0.0,9.0,287.39,3686.62,0.0,0.0,0.0,2281435,12435593,64,644,25663,151668,1,14
2026-04-21T17:28:01,IoT-Monitoring-PI,0.0,8.9,285.73,3688.28,0.0,0.0,0.0,2281435,12435593,0,0,25663,151668,0,0
2026-04-21T17:28:02,IoT-Monitoring-PI,0.0,8.9,284.95,3689.06,0.0,0.0,0.0,2281435,12435593,0,0,25663,151668,0,0
2026-04-21T17:28:03,IoT-Monitoring-PI,0.2,8.9,285.05,3688.95,0.0,0.0,0.0,2281435,12435869,0,276,25663,151672,0,4
2026-04-21T17:28:04,IoT-Monitoring-PI,0.0,8.9,284.52,3689.48,0.0,0.0,0.0,2281435,12435869,0,0,25663,151672,0,0
2026-04-21T17:28:05,IoT-Monitoring-PI,0.0,8.9,284.42,3689.58,0.0,0.0,0.0,2281435,12436007,0,138,25663,151675,0,3
2026-04-21T17:28:06,IoT-Monitoring-PI,0.2,8.9,283.88,3690.12,0.0,0.0,0.0,2281435,12436473,0,466,25663,151679,0,4
2026-04-21T17:28:07,IoT-Monitoring-PI,0.0,8.9,283.78,3690.22,0.0,0.0,0.0,2281435,12436473,0,0,25663,151679,0,0
2026-04-21T17:28:08,IoT-Monitoring-PI,0.0,8.9,283.19,3690.81,0.0,0.0,0.0,2281435,12437117,0,644,25663,151691,0,12
2026-04-21T17:28:09,IoT-Monitoring-PI,0.0,8.9,282.98,3691.02,0.0,0.0,0.0,2281435,12437117,0,0,25663,151691,0,0
2026-04-21T17:28:10,IoT-Monitoring-PI,0.0,8.9,283.56,3690.42,0.0,0.0,0.0,2281499,12437393,64,276,25664,151697,1,6
2026-04-21T17:28:11,IoT-Monitoring-PI,0.2,8.9,283.45,3690.53,0.0,0.0,0.0,2281499,12437393,0,0,25664,151697,0,0
2026-04-21T17:28:12,IoT-Monitoring-PI,0.3,8.9,282.97,3691.02,0.0,0.0,0.0,2281499,12437393,0,0,25664,151697,0,0
2026-04-21T17:28:13,IoT-Monitoring-PI,0.5,8.8,282.62,3691.36,0.0,0.0,0.0,2281499,12437807,0,414,25664,151704,0,7
2026-04-21T17:28:14,IoT-Monitoring-PI,0.0,8.8,282.31,3691.67,0.0,0.0,0.0,2281499,12437807,0,0,25664,151704,0,0
2026-04-21T17:28:15,IoT-Monitoring-PI,0.3,8.9,285.36,3688.61,0.0,0.0,0.0,2281499,12437807,0,0,25664,151704,0,0
2026-04-21T17:28:16,IoT-Monitoring-PI,0.0,8.9,285.47,3688.48,0.0,0.0,0.0,2281499,12438595,0,788,25664,151715,0,11
2026-04-21T17:28:17,IoT-Monitoring-PI,0.5,8.9,284.73,3689.22,0.0,0.0,0.0,2281499,12438641,0,46,25664,151716,0,1
2026-04-21T17:28:18,IoT-Monitoring-PI,0.0,8.9,283.98,3689.97,0.0,0.0,0.0,2281499,12438963,0,322,25664,151721,0,5
2026-04-21T17:28:19,IoT-Monitoring-PI,0.0,8.9,284.12,3689.83,0.0,0.0,0.0,2281499,12439009,0,46,25664,151722,0,1
2026-04-21T17:28:20,IoT-Monitoring-PI,0.2,8.9,284.0,3689.95,0.0,0.0,0.0,2281499,12439174,0,165,25664,151723,0,1
2026-04-21T17:28:21,IoT-Monitoring-PI,0.0,8.9,283.84,3690.11,0.0,0.0,0.0,2281563,12439588,64,414,25665,151732,1,9
2026-04-21T17:28:22,IoT-Monitoring-PI,0.2,8.9,284.06,3689.89,0.0,0.0,0.0,2281563,12439634,0,46,25665,151733,0,1
2026-04-21T17:28:23,IoT-Monitoring-PI,0.0,9.0,287.98,3685.95,0.0,0.0,0.0,2281563,12440121,0,487,25665,151739,0,6
2026-04-21T17:28:24,IoT-Monitoring-PI,0.0,9.0,287.31,3686.62,0.0,0.0,0.0,2281563,12440489,0,368,25665,151747,0,8
2026-04-21T17:28:25,IoT-Monitoring-PI,0.0,8.9,286.58,3687.36,0.0,0.0,0.0,2281563,12440489,0,0,25665,151747,0,0
2026-04-21T17:28:26,IoT-Monitoring-PI,0.2,8.9,286.58,3687.36,0.0,0.0,0.0,2281563,12441120,0,631,25665,151752,0,5
2026-04-21T17:28:27,IoT-Monitoring-PI,0.0,8.9,285.5,3688.44,0.0,0.0,0.0,2281563,12441120,0,0,25665,151752,0,0
2026-04-21T17:28:28,IoT-Monitoring-PI,0.2,8.9,285.8,3688.11,0.0,0.0,0.0,2281563,12441396,0,276,25665,151756,0,4
2026-04-21T17:28:29,IoT-Monitoring-PI,0.3,8.9,285.19,3688.72,0.0,0.0,0.0,2281563,12441534,0,138,25665,151759,0,3
2026-04-21T17:28:30,IoT-Monitoring-PI,0.2,8.9,285.19,3688.72,0.0,0.0,0.0,2281563,12441534,0,0,25665,151759,0,0
2026-04-21T17:28:31,IoT-Monitoring-PI,0.0,9.0,288.8,3685.09,0.0,0.0,0.0,2281627,12441810,64,276,25666,151765,1,6
2026-04-21T17:28:32,IoT-Monitoring-PI,0.2,9.0,288.8,3685.09,0.0,0.0,0.0,2281627,12442178,0,368,25666,151773,0,8
2026-04-21T17:28:33,IoT-Monitoring-PI,0.0,9.0,287.89,3686.0,0.0,0.0,0.0,2281627,12442454,0,276,25666,151777,0,4
2026-04-21T17:28:34,IoT-Monitoring-PI,0.0,9.0,287.66,3686.22,0.0,0.0,0.0,2281627,12442454,0,0,25666,151777,0,0
2026-04-21T17:28:35,IoT-Monitoring-PI,0.2,9.0,286.62,3687.25,0.0,0.0,0.0,2281627,12442454,0,0,25666,151777,0,0
2026-04-21T17:28:36,IoT-Monitoring-PI,0.0,9.0,286.62,3687.25,0.0,0.0,0.0,2281627,12442920,0,466,25666,151781,0,4
2026-04-21T17:28:37,IoT-Monitoring-PI,0.0,8.9,286.52,3687.36,0.0,0.0,0.0,2281627,12443058,0,138,25666,151784,0,3
2026-04-21T17:28:38,IoT-Monitoring-PI,0.0,8.9,285.66,3688.22,0.0,0.0,0.0,2281627,12443334,0,276,25666,151788,0,4
2026-04-21T17:28:39,IoT-Monitoring-PI,0.3,8.9,285.88,3687.98,0.0,0.0,0.0,2281627,12443334,0,0,25666,151788,0,0
2026-04-21T17:28:40,IoT-Monitoring-PI,0.0,8.9,285.56,3688.28,0.0,0.0,0.0,2281627,12443702,0,368,25666,151796,0,8
2026-04-21T17:28:41,IoT-Monitoring-PI,0.3,8.9,285.89,3687.95,0.0,0.0,0.0,2281691,12443978,64,276,25667,151802,1,6
2026-04-21T17:28:42,IoT-Monitoring-PI,0.0,8.9,285.31,3688.53,0.0,0.0,0.0,2281691,12443978,0,0,25667,151802,0,0
2026-04-21T17:28:43,IoT-Monitoring-PI,0.0,8.9,285.2,3688.64,0.0,0.0,0.0,2281691,12444254,0,276,25667,151806,0,4
2026-04-21T17:28:44,IoT-Monitoring-PI,0.0,8.9,284.56,3689.28,0.0,0.0,0.0,2281691,12444254,0,0,25667,151806,0,0
2026-04-21T17:28:45,IoT-Monitoring-PI,0.2,8.9,284.38,3689.45,0.0,0.0,0.0,2281691,12444392,0,138,25667,151809,0,3
2026-04-21T17:28:46,IoT-Monitoring-PI,0.0,8.9,283.84,3689.98,0.0,0.0,0.0,2281691,12444858,0,466,25667,151813,0,4
2026-04-21T17:28:47,IoT-Monitoring-PI,0.0,9.0,286.75,3687.06,0.0,0.0,0.0,2281691,12444858,0,0,25667,151813,0,0
2026-04-21T17:28:48,IoT-Monitoring-PI,0.0,9.0,286.75,3687.06,0.0,0.0,0.0,2281691,12445502,0,644,25667,151825,0,12
2026-04-21T17:28:49,IoT-Monitoring-PI,0.0,8.9,286.22,3687.59,0.0,0.0,0.0,2281691,12445502,0,0,25667,151825,0,0
2026-04-21T17:28:50,IoT-Monitoring-PI,0.2,8.9,286.22,3687.59,0.0,0.0,0.0,2281691,12445502,0,0,25667,151825,0,0
2026-04-21T17:28:51,IoT-Monitoring-PI,0.2,9.0,286.58,3687.22,0.0,0.0,0.0,2281755,12445943,64,441,25668,151832,1,7
2026-04-21T17:28:52,IoT-Monitoring-PI,0.0,9.0,286.58,3687.22,0.0,0.0,0.0,2281755,12445943,0,0,25668,151832,0,0
2026-04-21T17:28:53,IoT-Monitoring-PI,0.2,8.9,286.39,3687.41,0.0,0.0,0.0,2281755,12446357,0,414,25668,151839,0,7
2026-04-21T17:28:54,IoT-Monitoring-PI,0.3,8.9,285.41,3688.39,0.0,0.0,0.0,2281755,12446522,0,165,25668,151840,0,1
2026-04-21T17:28:55,IoT-Monitoring-PI,0.0,8.9,285.06,3688.73,0.0,0.0,0.0,2281755,12446660,0,138,25668,151843,0,3
2026-04-21T17:28:56,IoT-Monitoring-PI,0.2,8.9,284.69,3689.11,0.0,0.0,0.0,2281755,12447448,0,788,25668,151854,0,11
2026-04-21T17:28:57,IoT-Monitoring-PI,0.0,8.9,284.89,3689.38,0.0,0.0,0.0,2281755,12447613,0,165,25668,151855,0,1
2026-04-21T17:28:58,IoT-Monitoring-PI,0.0,8.9,284.44,3689.83,0.0,0.0,0.0,2281755,12447889,0,276,25668,151859,0,4
2026-04-21T17:28:59,IoT-Monitoring-PI,0.2,8.9,283.69,3690.58,0.0,0.0,0.0,2281755,12447889,0,0,25668,151859,0,0
2026-04-21T17:29:00,IoT-Monitoring-PI,0.2,8.9,284.34,3689.92,0.0,0.0,0.0,2281755,12447981,0,92,25668,151861,0,2
2026-04-21T17:29:01,IoT-Monitoring-PI,0.2,8.9,284.06,3690.2,0.0,0.0,0.0,2281755,12448119,0,138,25668,151864,0,3
2026-04-21T17:29:02,IoT-Monitoring-PI,0.0,8.9,283.69,3690.58,0.0,0.0,0.0,2281819,12448395,64,276,25669,151870,1,6
2026-04-21T17:29:03,IoT-Monitoring-PI,0.0,9.0,290.62,3683.59,0.0,0.0,0.0,2281819,12448671,0,276,25669,151874,0,4
2026-04-21T17:29:04,IoT-Monitoring-PI,0.0,9.0,290.53,3683.69,0.0,0.0,0.0,2281819,12449039,0,368,25669,151882,0,8
2026-04-21T17:29:05,IoT-Monitoring-PI,0.0,9.0,289.58,3684.64,0.0,0.0,0.0,2281819,12449039,0,0,25669,151882,0,0
2026-04-21T17:29:06,IoT-Monitoring-PI,0.2,9.0,287.97,3686.25,0.0,0.0,0.0,2281819,12449505,0,466,25669,151886,0,4
2026-04-21T17:29:07,IoT-Monitoring-PI,0.0,9.0,287.08,3687.14,0.0,0.0,0.0,2281819,12449505,0,0,25669,151886,0,0
2026-04-21T17:29:08,IoT-Monitoring-PI,0.0,9.0,287.19,3687.02,0.0,0.0,0.0,2281819,12449781,0,276,25669,151890,0,4
2026-04-21T17:29:09,IoT-Monitoring-PI,0.2,8.9,286.02,3688.19,0.0,0.0,0.0,2281819,12449919,0,138,25669,151893,0,3
2026-04-21T17:29:10,IoT-Monitoring-PI,0.0,8.9,285.38,3688.83,0.0,0.0,0.0,2281819,12449919,0,0,25669,151893,0,0
2026-04-21T17:29:11,IoT-Monitoring-PI,0.2,8.9,284.69,3689.52,0.0,0.0,0.0,2281819,12449919,0,0,25669,151893,0,0
2026-04-21T17:29:12,IoT-Monitoring-PI,0.5,8.9,284.06,3690.14,0.0,0.0,0.0,2281883,12450563,64,644,25670,151907,1,14
2026-04-21T17:29:13,IoT-Monitoring-PI,0.0,8.9,284.06,3690.14,0.0,0.0,0.0,2281883,12450839,0,276,25670,151911,0,4
2026-04-21T17:29:14,IoT-Monitoring-PI,0.0,8.9,283.84,3690.34,0.0,0.0,0.0,2281883,12450839,0,0,25670,151911,0,0
2026-04-21T17:29:15,IoT-Monitoring-PI,0.2,8.9,283.2,3690.98,0.0,0.0,0.0,2281883,12451119,0,280,25670,151915,0,4
2026-04-21T17:29:16,IoT-Monitoring-PI,0.0,8.9,282.84,3691.34,0.0,0.0,0.0,2281883,12451585,0,466,25670,151919,0,4
2026-04-21T17:29:17,IoT-Monitoring-PI,0.2,8.8,282.75,3691.44,0.0,0.0,0.0,2281883,12451815,0,230,25670,151924,0,5
2026-04-21T17:29:18,IoT-Monitoring-PI,0.0,8.9,282.86,3691.33,0.0,0.0,0.0,2281883,12452137,0,322,25670,151929,0,5
2026-04-21T17:29:19,IoT-Monitoring-PI,0.5,8.9,286.05,3688.11,0.0,0.0,0.0,2281883,12452183,0,46,25670,151930,0,1
2026-04-21T17:29:20,IoT-Monitoring-PI,0.0,8.9,285.2,3688.94,0.0,0.0,0.0,2281883,12452551,0,368,25670,151938,0,8
2026-04-21T17:29:21,IoT-Monitoring-PI,0.0,8.9,285.2,3688.94,0.0,0.0,0.0,2281883,12452551,0,0,25670,151938,0,0
2026-04-21T17:29:22,IoT-Monitoring-PI,0.0,8.9,286.03,3688.11,0.0,0.0,0.0,2281947,12452873,64,322,25671,151945,1,7
2026-04-21T17:29:23,IoT-Monitoring-PI,0.2,8.9,285.36,3688.78,0.0,0.0,0.0,2281947,12453195,0,322,25671,151950,0,5
2026-04-21T17:29:24,IoT-Monitoring-PI,0.0,8.9,284.62,3689.52,0.0,0.0,0.0,2281947,12453195,0,0,25671,151950,0,0
2026-04-21T17:29:25,IoT-Monitoring-PI,0.3,8.9,284.14,3690.0,0.0,0.0,0.0,2281947,12453333,0,138,25671,151953,0,3
2026-04-21T17:29:26,IoT-Monitoring-PI,0.2,8.9,284.0,3690.12,0.0,0.0,0.0,2281947,12453799,0,466,25671,151957,0,4
2026-04-21T17:29:27,IoT-Monitoring-PI,0.0,8.9,283.08,3691.05,0.0,0.0,0.0,2281947,12453799,0,0,25671,151957,0,0
2026-04-21T17:29:28,IoT-Monitoring-PI,0.0,8.8,282.7,3691.42,0.0,0.0,0.0,2281947,12454397,0,598,25671,151968,0,11
2026-04-21T17:29:29,IoT-Monitoring-PI,0.3,8.8,282.5,3691.62,0.0,0.0,0.0,2281947,12454397,0,0,25671,151968,0,0
2026-04-21T17:29:30,IoT-Monitoring-PI,0.0,8.8,281.95,3692.17,0.0,0.0,0.0,2281947,12454397,0,0,25671,151968,0,0
2026-04-21T17:29:31,IoT-Monitoring-PI,0.0,8.8,281.84,3692.28,0.0,0.0,0.0,2281947,12454397,0,0,25671,151968,0,0
2026-04-21T17:29:32,IoT-Monitoring-PI,0.0,8.8,282.72,3691.39,0.0,0.0,0.0,2282011,12454673,64,276,25672,151974,1,6
2026-04-21T17:29:33,IoT-Monitoring-PI,0.2,8.8,282.72,3691.39,0.0,0.0,0.0,2282011,12455087,0,414,25672,151981,0,7
2026-04-21T17:29:34,IoT-Monitoring-PI,0.0,8.8,282.44,3691.67,0.0,0.0,0.0,2282011,12455087,0,0,25672,151981,0,0
2026-04-21T17:29:35,IoT-Monitoring-PI,0.0,9.0,288.97,3685.11,0.0,0.0,0.0,2282011,12455087,0,0,25672,151981,0,0
2026-04-21T17:29:36,IoT-Monitoring-PI,0.3,9.0,288.23,3685.84,0.0,0.0,0.0,2282011,12455875,0,788,25672,151992,0,11
2026-04-21T17:29:37,IoT-Monitoring-PI,0.0,9.0,288.23,3685.84,0.0,0.0,0.0,2282011,12455875,0,0,25672,151992,0,0
2026-04-21T17:29:38,IoT-Monitoring-PI,0.2,9.0,287.11,3686.95,0.0,0.0,0.0,2282011,12456151,0,276,25672,151996,0,4
2026-04-21T17:29:39,IoT-Monitoring-PI,0.0,8.9,286.31,3687.75,0.0,0.0,0.0,2282011,12456151,0,0,25672,151996,0,0
2026-04-21T17:29:40,IoT-Monitoring-PI,0.2,8.9,286.16,3687.91,0.0,0.0,0.0,2282011,12456197,0,46,25672,151997,0,1
2026-04-21T17:29:41,IoT-Monitoring-PI,0.0,8.9,285.25,3688.81,0.0,0.0,0.0,2282011,12456335,0,138,25672,152000,0,3
2026-04-21T17:29:42,IoT-Monitoring-PI,0.0,8.9,284.59,3689.47,0.0,0.0,0.0,2282075,12456611,64,276,25673,152006,1,6
2026-04-21T17:29:43,IoT-Monitoring-PI,0.0,8.9,284.14,3689.92,0.0,0.0,0.0,2282075,12456887,0,276,25673,152010,0,4
2026-04-21T17:29:44,IoT-Monitoring-PI,0.0,8.9,283.92,3690.12,0.0,0.0,0.0,2282075,12457255,0,368,25673,152018,0,8
2026-04-21T17:29:45,IoT-Monitoring-PI,0.0,8.9,283.34,3690.7,0.0,0.0,0.0,2282075,12457255,0,0,25673,152018,0,0
2026-04-21T17:29:46,IoT-Monitoring-PI,0.0,8.9,282.91,3691.14,0.0,0.0,0.0,2282075,12457721,0,466,25673,152022,0,4
2026-04-21T17:29:47,IoT-Monitoring-PI,0.2,8.8,282.58,3691.47,0.0,0.0,0.0,2282075,12457721,0,0,25673,152022,0,0
2026-04-21T17:29:48,IoT-Monitoring-PI,0.0,8.8,282.09,3691.95,0.0,0.0,0.0,2282075,12457997,0,276,25673,152026,0,4
2026-04-21T17:29:49,IoT-Monitoring-PI,0.2,8.8,281.78,3692.27,0.0,0.0,0.0,2282075,12458135,0,138,25673,152029,0,3
2026-04-21T17:29:50,IoT-Monitoring-PI,0.3,8.8,282.2,3691.83,0.0,0.0,0.0,2282075,12458135,0,0,25673,152029,0,0
2026-04-21T17:29:51,IoT-Monitoring-PI,0.0,8.9,283.55,3690.47,0.0,0.0,0.0,2282075,12458135,0,0,25673,152029,0,0
2026-04-21T17:29:52,IoT-Monitoring-PI,0.2,8.9,283.23,3690.78,0.0,0.0,0.0,2282075,12458503,0,368,25673,152037,0,8
2026-04-21T17:29:53,IoT-Monitoring-PI,0.3,8.9,283.44,3690.58,0.0,0.0,0.0,2282139,12459055,64,552,25674,152047,1,10
2026-04-21T17:29:54,IoT-Monitoring-PI,0.0,8.9,283.03,3690.98,0.0,0.0,0.0,2282139,12459055,0,0,25674,152047,0,0
2026-04-21T17:29:55,IoT-Monitoring-PI,0.0,8.8,282.44,3691.58,0.0,0.0,0.0,2282139,12459055,0,0,25674,152047,0,0
2026-04-21T17:29:56,IoT-Monitoring-PI,0.0,8.8,282.64,3691.36,0.0,0.0,0.0,2282139,12459521,0,466,25674,152051,0,4
2026-04-21T17:29:57,IoT-Monitoring-PI,0.0,8.8,282.48,3691.52,0.0,0.0,0.0,2282139,12459659,0,138,25674,152054,0,3
2026-04-21T17:29:58,IoT-Monitoring-PI,0.2,8.8,282.14,3691.86,0.0,0.0,0.0,2282139,12459935,0,276,25674,152058,0,4
2026-04-21T17:29:59,IoT-Monitoring-PI,0.0,8.9,285.11,3688.88,0.0,0.0,0.0,2282139,12459935,0,0,25674,152058,0,0
2026-04-21T17:30:00,IoT-Monitoring-PI,0.0,8.9,284.0,3689.98,0.0,0.0,0.0,2282139,12460441,0,506,25674,152069,0,11
2026-04-21T17:30:01,IoT-Monitoring-PI,0.0,8.9,283.61,3690.38,0.0,0.0,0.0,2282139,12460441,0,0,25674,152069,0,0
2026-04-21T17:30:02,IoT-Monitoring-PI,0.2,8.9,283.61,3690.36,0.0,0.0,0.0,2282139,12460441,0,0,25674,152069,0,0
2026-04-21T17:30:03,IoT-Monitoring-PI,0.0,8.9,283.45,3690.52,0.0,0.0,0.0,2282203,12460993,64,552,25675,152079,1,10
2026-04-21T17:30:04,IoT-Monitoring-PI,0.0,8.9,283.0,3690.97,0.0,0.0,0.0,2282203,12460993,0,0,25675,152079,0,0
2026-04-21T17:30:05,IoT-Monitoring-PI,0.2,8.9,283.11,3690.86,0.0,0.0,0.0,2282203,12461223,0,230,25675,152084,0,5
2026-04-21T17:30:06,IoT-Monitoring-PI,0.2,8.9,286.27,3687.69,0.0,0.0,0.0,2282203,12461689,0,466,25675,152088,0,4
2026-04-21T17:30:07,IoT-Monitoring-PI,0.3,8.9,285.91,3688.05,0.0,0.0,0.0,2282203,12461689,0,0,25675,152088,0,0
2026-04-21T17:30:08,IoT-Monitoring-PI,0.0,8.9,285.56,3688.38,0.0,0.0,0.0,2282203,12462287,0,598,25675,152099,0,11
2026-04-21T17:30:09,IoT-Monitoring-PI,0.0,8.9,284.39,3689.55,0.0,0.0,0.0,2282203,12462335,0,48,25675,152100,0,1
2026-04-21T17:30:10,IoT-Monitoring-PI,0.2,8.9,283.89,3690.05,0.0,0.0,0.0,2282203,12462335,0,0,25675,152100,0,0
2026-04-21T17:30:11,IoT-Monitoring-PI,0.0,8.9,283.14,3690.8,0.0,0.0,0.0,2282203,12462335,0,0,25675,152100,0,0
2026-04-21T17:30:12,IoT-Monitoring-PI,0.2,8.9,283.03,3690.91,0.0,0.0,0.0,2282203,12462335,0,0,25675,152100,0,0
2026-04-21T17:30:13,IoT-Monitoring-PI,0.5,8.9,283.38,3690.56,0.0,0.0,0.0,2282267,12463025,64,690,25676,152113,1,13
2026-04-21T17:30:14,IoT-Monitoring-PI,0.3,9.0,286.78,3687.12,0.0,0.0,0.0,2282267,12463025,0,0,25676,152113,0,0
2026-04-21T17:30:15,IoT-Monitoring-PI,0.0,9.0,286.78,3687.12,0.0,0.0,0.0,2282267,12463025,0,0,25676,152113,0,0
2026-04-21T17:30:16,IoT-Monitoring-PI,0.2,9.0,286.67,3687.23,0.0,0.0,0.0,2282267,12463813,0,788,25676,152124,0,11
2026-04-21T17:30:17,IoT-Monitoring-PI,0.0,8.9,286.41,3687.5,0.0,0.0,0.0,2282267,12463859,0,46,25676,152125,0,1
2026-04-21T17:30:18,IoT-Monitoring-PI,0.0,8.9,286.19,3687.72,0.0,0.0,0.0,2282267,12464181,0,322,25676,152130,0,5
2026-04-21T17:30:19,IoT-Monitoring-PI,0.0,8.9,286.28,3687.61,0.0,0.0,0.0,2282267,12464227,0,46,25676,152131,0,1
2026-04-21T17:30:20,IoT-Monitoring-PI,0.3,8.9,285.75,3688.14,0.0,0.0,0.0,2282267,12464227,0,0,25676,152131,0,0
2026-04-21T17:30:21,IoT-Monitoring-PI,0.2,8.9,285.75,3688.14,0.0,0.0,0.0,2282267,12464365,0,138,25676,152134,0,3
2026-04-21T17:30:22,IoT-Monitoring-PI,0.0,8.9,285.23,3688.94,0.0,0.0,0.0,2282267,12464411,0,46,25676,152135,0,1
2026-04-21T17:30:23,IoT-Monitoring-PI,0.0,8.9,285.89,3688.28,0.0,0.0,0.0,2282331,12465009,64,598,25677,152146,1,11
2026-04-21T17:30:24,IoT-Monitoring-PI,0.0,8.9,285.78,3688.39,0.0,0.0,0.0,2282331,12465377,0,368,25677,152154,0,8
2026-04-21T17:30:25,IoT-Monitoring-PI,0.3,8.9,285.42,3688.73,0.0,0.0,0.0,2282331,12465377,0,0,25677,152154,0,0
2026-04-21T17:30:26,IoT-Monitoring-PI,0.2,8.9,284.92,3689.23,0.0,0.0,0.0,2282331,12465843,0,466,25677,152158,0,4
2026-04-21T17:30:27,IoT-Monitoring-PI,0.0,8.9,284.48,3689.67,0.0,0.0,0.0,2282331,12465843,0,0,25677,152158,0,0
2026-04-21T17:30:28,IoT-Monitoring-PI,0.0,8.9,283.97,3690.17,0.0,0.0,0.0,2282331,12466119,0,276,25677,152162,0,4
2026-04-21T17:30:29,IoT-Monitoring-PI,0.0,8.9,283.86,3690.28,0.0,0.0,0.0,2282331,12466257,0,138,25677,152165,0,3
2026-04-21T17:30:30,IoT-Monitoring-PI,0.5,8.9,283.12,3691.02,0.0,0.0,0.0,2282331,12466257,0,0,25677,152165,0,0
2026-04-21T17:30:31,IoT-Monitoring-PI,0.2,8.9,283.02,3691.11,0.0,0.0,0.0,2282331,12466257,0,0,25677,152165,0,0
2026-04-21T17:30:32,IoT-Monitoring-PI,0.0,8.9,283.02,3691.11,0.0,0.0,0.0,2282331,12466625,0,368,25677,152173,0,8
2026-04-21T17:30:33,IoT-Monitoring-PI,0.3,8.8,282.41,3691.72,0.0,0.0,0.0,2282331,12466901,0,276,25677,152177,0,4
2026-04-21T17:30:34,IoT-Monitoring-PI,0.2,8.9,282.91,3691.22,0.0,0.0,0.0,2282395,12467887,64,986,25678,152186,1,9
2026-04-21T17:30:35,IoT-Monitoring-PI,0.0,8.8,282.47,3691.66,0.0,0.0,0.0,2282395,12467887,0,0,25678,152186,0,0
2026-04-21T17:30:36,IoT-Monitoring-PI,0.3,8.8,282.03,3692.09,0.0,0.0,0.0,2282395,12468353,0,466,25678,152190,0,4
2026-04-21T17:30:37,IoT-Monitoring-PI,0.0,8.8,282.12,3691.97,0.0,0.0,0.0,2282395,12468984,0,631,25678,152196,0,6
2026-04-21T17:30:38,IoT-Monitoring-PI,0.0,9.0,288.75,3685.33,0.0,0.0,0.0,2282395,12469260,0,276,25678,152200,0,4
2026-04-21T17:30:39,IoT-Monitoring-PI,0.0,9.0,288.42,3685.66,0.0,0.0,0.0,2282395,12469260,0,0,25678,152200,0,0
2026-04-21T17:30:40,IoT-Monitoring-PI,0.5,9.0,287.8,3686.28,0.0,0.0,0.0,2282395,12469628,0,368,25678,152208,0,8
2026-04-21T17:30:41,IoT-Monitoring-PI,0.0,9.0,286.8,3687.28,0.0,0.0,0.0,2282395,12470274,0,646,25678,152211,0,3
2026-04-21T17:30:42,IoT-Monitoring-PI,0.2,8.9,286.11,3687.97,0.0,0.0,0.0,2282395,12470274,0,0,25678,152211,0,0
2026-04-21T17:30:43,IoT-Monitoring-PI,0.0,8.9,285.72,3688.33,0.0,0.0,0.0,2282395,12470550,0,276,25678,152215,0,4
2026-04-21T17:30:44,IoT-Monitoring-PI,0.0,8.9,285.41,3688.64,0.0,0.0,0.0,2282459,12470826,64,276,25679,152221,1,6
2026-04-21T17:30:45,IoT-Monitoring-PI,0.0,8.9,284.2,3689.84,0.0,0.0,0.0,2282459,12470964,0,138,25679,152224,0,3
2026-04-21T17:30:46,IoT-Monitoring-PI,0.2,8.9,283.45,3690.59,0.0,0.0,0.0,2282459,12471430,0,466,25679,152228,0,4
2026-04-21T17:30:47,IoT-Monitoring-PI,0.0,8.9,283.14,3690.91,0.0,0.0,0.0,2282459,12471430,0,0,25679,152228,0,0
2026-04-21T17:30:48,IoT-Monitoring-PI,0.0,8.8,282.59,3691.45,0.0,0.0,0.0,2282459,12472074,0,644,25679,152240,0,12
2026-04-21T17:30:49,IoT-Monitoring-PI,0.2,8.8,282.36,3691.67,0.0,0.0,0.0,2282459,12472074,0,0,25679,152240,0,0
2026-04-21T17:30:50,IoT-Monitoring-PI,0.0,8.8,282.14,3691.89,0.0,0.0,0.0,2282459,12472074,0,0,25679,152240,0,0
2026-04-21T17:30:51,IoT-Monitoring-PI,0.0,8.8,281.75,3692.28,0.0,0.0,0.0,2282459,12472074,0,0,25679,152240,0,0
2026-04-21T17:30:52,IoT-Monitoring-PI,0.0,8.8,281.42,3692.61,0.0,0.0,0.0,2282459,12472074,0,0,25679,152240,0,0
2026-04-21T17:30:53,IoT-Monitoring-PI,0.3,8.8,281.42,3692.61,0.0,0.0,0.0,2282459,12472488,0,414,25679,152247,0,7
2026-04-21T17:30:54,IoT-Monitoring-PI,0.2,9.0,289.17,3684.83,0.0,0.0,0.0,2282523,12472764,64,276,25680,152253,1,6
2026-04-21T17:30:55,IoT-Monitoring-PI,0.3,9.0,289.08,3684.91,0.0,0.0,0.0,2282523,12472764,0,0,25680,152253,0,0
2026-04-21T17:30:56,IoT-Monitoring-PI,0.0,9.0,287.56,3686.42,0.0,0.0,0.0,2282523,12473552,0,788,25680,152264,0,11
2026-04-21T17:30:57,IoT-Monitoring-PI,0.2,9.0,287.56,3686.42,0.0,0.0,0.0,2282523,12473552,0,0,25680,152264,0,0
2026-04-21T17:30:58,IoT-Monitoring-PI,0.0,8.9,286.44,3687.89,0.0,0.0,0.0,2282523,12473828,0,276,25680,152268,0,4
2026-04-21T17:30:59,IoT-Monitoring-PI,0.0,8.9,286.44,3687.89,0.0,0.0,0.0,2282523,12473828,0,0,25680,152268,0,0
2026-04-21T17:31:00,IoT-Monitoring-PI,0.2,8.9,285.84,3688.48,0.0,0.0,0.0,2282523,12473828,0,0,25680,152268,0,0
2026-04-21T17:31:01,IoT-Monitoring-PI,0.0,8.9,285.83,3688.48,0.0,0.0,0.0,2282523,12473966,0,138,25680,152271,0,3
2026-04-21T17:31:02,IoT-Monitoring-PI,0.2,8.9,285.3,3689.02,0.0,0.0,0.0,2282523,12473966,0,0,25680,152271,0,0
2026-04-21T17:31:03,IoT-Monitoring-PI,0.0,8.9,284.39,3689.92,0.0,0.0,0.0,2282523,12474242,0,276,25680,152275,0,4
2026-04-21T17:31:04,IoT-Monitoring-PI,0.0,8.9,285.06,3689.25,0.0,0.0,0.0,2282587,12474886,64,644,25681,152289,1,14
2026-04-21T17:31:05,IoT-Monitoring-PI,0.2,8.9,285.06,3689.25,0.0,0.0,0.0,2282587,12475024,0,138,25681,152292,0,3
2026-04-21T17:31:06,IoT-Monitoring-PI,0.0,8.9,284.45,3689.86,0.0,0.0,0.0,2282587,12475490,0,466,25681,152296,0,4
2026-04-21T17:31:07,IoT-Monitoring-PI,0.0,8.9,284.44,3689.86,0.0,0.0,0.0,2282587,12475490,0,0,25681,152296,0,0
2026-04-21T17:31:08,IoT-Monitoring-PI,0.0,8.9,284.09,3690.2,0.0,0.0,0.0,2282587,12475766,0,276,25681,152300,0,4
2026-04-21T17:31:09,IoT-Monitoring-PI,0.0,8.9,283.23,3691.06,0.0,0.0,0.0,2282587,12475904,0,138,25681,152303,0,3
2026-04-21T17:31:10,IoT-Monitoring-PI,0.5,9.0,287.23,3687.05,0.0,0.0,0.0,2282587,12475996,0,92,25681,152305,0,2
2026-04-21T17:31:11,IoT-Monitoring-PI,0.2,8.9,286.27,3688.02,0.0,0.0,0.0,2282587,12475996,0,0,25681,152305,0,0
2026-04-21T17:31:12,IoT-Monitoring-PI,0.0,8.9,285.58,3688.7,0.0,0.0,0.0,2282587,12476364,0,368,25681,152313,0,8
2026-04-21T17:31:13,IoT-Monitoring-PI,0.0,8.9,285.02,3689.25,0.0,0.0,0.0,2282587,12476640,0,276,25681,152317,0,4
2026-04-21T17:31:14,IoT-Monitoring-PI,0.0,8.9,284.31,3689.97,0.0,0.0,0.0,2282587,12476640,0,0,25681,152317,0,0
2026-04-21T17:31:15,IoT-Monitoring-PI,0.2,8.9,284.19,3690.09,0.0,0.0,0.0,2282651,12476916,64,276,25682,152323,1,6
2026-04-21T17:31:16,IoT-Monitoring-PI,0.0,8.9,283.66,3690.62,0.0,0.0,0.0,2282651,12477382,0,466,25682,152327,0,4
2026-04-21T17:31:17,IoT-Monitoring-PI,0.2,8.9,283.59,3690.69,0.0,0.0,0.0,2282651,12477566,0,184,25682,152331,0,4
2026-04-21T17:31:18,IoT-Monitoring-PI,0.0,8.9,286.8,3687.45,0.0,0.0,0.0,2282651,12477888,0,322,25682,152336,0,5
2026-04-21T17:31:19,IoT-Monitoring-PI,0.3,8.9,286.78,3687.47,0.0,0.0,0.0,2282651,12477934,0,46,25682,152337,0,1
2026-04-21T17:31:20,IoT-Monitoring-PI,0.0,8.9,286.14,3688.11,0.0,0.0,0.0,2282651,12478302,0,368,25682,152345,0,8
2026-04-21T17:31:21,IoT-Monitoring-PI,0.2,8.9,285.81,3688.44,0.0,0.0,0.0,2282651,12478302,0,0,25682,152345,0,0
2026-04-21T17:31:22,IoT-Monitoring-PI,0.0,8.9,285.31,3688.94,0.0,0.0,0.0,2282651,12478348,0,46,25682,152346,0,1
2026-04-21T17:31:23,IoT-Monitoring-PI,0.0,8.9,284.78,3689.47,0.0,0.0,0.0,2282651,12478670,0,322,25682,152351,0,5
2026-04-21T17:31:24,IoT-Monitoring-PI,0.3,8.9,284.64,3689.59,0.0,0.0,0.0,2282651,12478670,0,0,25682,152351,0,0
2026-04-21T17:31:25,IoT-Monitoring-PI,0.0,8.9,283.81,3690.42,0.0,0.0,0.0,2282715,12479084,64,414,25683,152360,1,9
2026-04-21T17:31:26,IoT-Monitoring-PI,0.2,8.9,286.55,3687.67,0.0,0.0,0.0,2282715,12479550,0,466,25683,152364,0,4
2026-04-21T17:31:27,IoT-Monitoring-PI,0.0,8.9,286.03,3688.19,0.0,0.0,0.0,2282715,12479550,0,0,25683,152364,0,0
2026-04-21T17:31:28,IoT-Monitoring-PI,0.2,8.9,285.45,3688.77,0.0,0.0,0.0,2282715,12480148,0,598,25683,152375,0,11
2026-04-21T17:31:29,IoT-Monitoring-PI,0.2,8.9,284.02,3690.2,0.0,0.0,0.0,2282715,12480148,0,0,25683,152375,0,0
2026-04-21T17:31:30,IoT-Monitoring-PI,0.0,8.9,283.7,3690.5,0.0,0.0,0.0,2282715,12480148,0,0,25683,152375,0,0
2026-04-21T17:31:31,IoT-Monitoring-PI,0.3,8.8,282.84,3691.36,0.0,0.0,0.0,2282715,12480148,0,0,25683,152375,0,0
2026-04-21T17:31:32,IoT-Monitoring-PI,0.2,8.8,282.53,3691.67,0.0,0.0,0.0,2282715,12480148,0,0,25683,152375,0,0
2026-04-21T17:31:33,IoT-Monitoring-PI,0.0,8.8,281.89,3692.31,0.0,0.0,0.0,2282715,12480654,0,506,25683,152384,0,9
2026-04-21T17:31:34,IoT-Monitoring-PI,0.2,8.8,281.66,3692.64,0.0,0.0,0.0,2282715,12480654,0,0,25683,152384,0,0
2026-04-21T17:31:35,IoT-Monitoring-PI,0.2,8.8,282.42,3691.88,0.0,0.0,0.0,2282779,12480930,64,276,25684,152390,1,6
2026-04-21T17:31:36,IoT-Monitoring-PI,0.0,8.9,282.95,3691.33,0.0,0.0,0.0,2282779,12481810,0,880,25684,152403,0,13
2026-04-21T17:31:37,IoT-Monitoring-PI,0.0,8.8,282.53,3691.75,0.0,0.0,0.0,2282779,12481810,0,0,25684,152403,0,0
2026-04-21T17:31:38,IoT-Monitoring-PI,0.0,8.8,282.31,3691.97,0.0,0.0,0.0,2282779,12482086,0,276,25684,152407,0,4
2026-04-21T17:31:39,IoT-Monitoring-PI,0.2,8.8,282.27,3692.02,0.0,0.0,0.0,2282779,12482086,0,0,25684,152407,0,0
2026-04-21T17:31:40,IoT-Monitoring-PI,0.0,8.8,282.16,3692.12,0.0,0.0,0.0,2282779,12482086,0,0,25684,152407,0,0
2026-04-21T17:31:41,IoT-Monitoring-PI,0.0,8.8,281.97,3692.31,0.0,0.0,0.0,2282779,12482316,0,230,25684,152412,0,5
2026-04-21T17:31:42,IoT-Monitoring-PI,0.0,8.9,285.77,3688.48,0.0,0.0,0.0,2282779,12482316,0,0,25684,152412,0,0
2026-04-21T17:31:43,IoT-Monitoring-PI,0.2,8.9,285.66,3688.59,0.0,0.0,0.0,2282779,12482592,0,276,25684,152416,0,4
2026-04-21T17:31:44,IoT-Monitoring-PI,0.0,8.9,284.91,3689.38,0.0,0.0,0.0,2282779,12482960,0,368,25684,152424,0,8
2026-04-21T17:31:45,IoT-Monitoring-PI,0.0,8.9,284.62,3689.66,0.0,0.0,0.0,2282843,12483236,64,276,25685,152430,1,6
2026-04-21T17:31:46,IoT-Monitoring-PI,0.0,8.9,283.88,3690.41,0.0,0.0,0.0,2282843,12483702,0,466,25685,152434,0,4
2026-04-21T17:31:47,IoT-Monitoring-PI,0.2,8.9,283.06,3691.22,0.0,0.0,0.0,2282843,12483702,0,0,25685,152434,0,0
2026-04-21T17:31:48,IoT-Monitoring-PI,0.0,8.9,282.92,3691.34,0.0,0.0,0.0,2282843,12483978,0,276,25685,152438,0,4
2026-04-21T17:31:49,IoT-Monitoring-PI,0.2,8.8,282.36,3691.91,0.0,0.0,0.0,2282843,12484116,0,138,25685,152441,0,3
2026-04-21T17:31:50,IoT-Monitoring-PI,0.0,8.9,285.27,3688.98,0.0,0.0,0.0,2282843,12484116,0,0,25685,152441,0,0
2026-04-21T17:31:51,IoT-Monitoring-PI,0.0,8.9,284.61,3689.64,0.0,0.0,0.0,2282843,12484116,0,0,25685,152441,0,0
2026-04-21T17:31:52,IoT-Monitoring-PI,0.0,8.9,284.02,3690.23,0.0,0.0,0.0,2282843,12484484,0,368,25685,152449,0,8
2026-04-21T17:31:53,IoT-Monitoring-PI,0.2,8.9,283.28,3690.97,0.0,0.0,0.0,2282843,12484760,0,276,25685,152453,0,4
2026-04-21T17:31:54,IoT-Monitoring-PI,0.3,8.8,282.78,3691.45,0.0,0.0,0.0,2282843,12484760,0,0,25685,152453,0,0
2026-04-21T17:31:55,IoT-Monitoring-PI,0.0,8.8,282.55,3691.69,0.0,0.0,0.0,2282843,12484760,0,0,25685,152453,0,0
2026-04-21T17:31:56,IoT-Monitoring-PI,0.0,8.8,282.12,3692.11,0.0,0.0,0.0,2282907,12485502,64,742,25686,152463,1,10
2026-04-21T17:31:57,IoT-Monitoring-PI,0.0,8.8,281.95,3692.28,0.0,0.0,0.0,2282907,12485640,0,138,25686,152466,0,3
2026-04-21T17:31:58,IoT-Monitoring-PI,0.0,8.9,284.94,3689.28,0.0,0.0,0.0,2282907,12485916,0,276,25686,152470,0,4
2026-04-21T17:31:59,IoT-Monitoring-PI,0.5,8.9,284.62,3689.59,0.0,0.0,0.0,2282907,12485916,0,0,25686,152470,0,0
2026-04-21T17:32:00,IoT-Monitoring-PI,0.0,8.9,284.3,3689.91,0.0,0.0,0.0,2282907,12486284,0,368,25686,152478,0,8
2026-04-21T17:32:01,IoT-Monitoring-PI,0.0,8.9,283.53,3690.67,0.0,0.0,0.0,2282907,12486330,0,46,25686,152479,0,1
2026-04-21T17:32:02,IoT-Monitoring-PI,0.3,8.9,283.14,3691.06,0.0,0.0,0.0,2282907,12486330,0,0,25686,152479,0,0
2026-04-21T17:32:03,IoT-Monitoring-PI,0.0,8.8,282.66,3691.55,0.0,0.0,0.0,2282907,12486606,0,276,25686,152483,0,4
2026-04-21T17:32:04,IoT-Monitoring-PI,0.0,8.8,282.66,3691.55,0.0,0.0,0.0,2282907,12486606,0,0,25686,152483,0,0
2026-04-21T17:32:05,IoT-Monitoring-PI,0.3,8.8,282.31,3691.89,0.0,0.0,0.0,2282907,12486744,0,138,25686,152486,0,3
2026-04-21T17:32:06,IoT-Monitoring-PI,0.0,8.8,282.53,3691.66,0.0,0.0,0.0,2282971,12487486,64,742,25687,152496,1,10
2026-04-21T17:32:07,IoT-Monitoring-PI,0.3,8.8,282.25,3691.94,0.0,0.0,0.0,2282971,12487486,0,0,25687,152496,0,0
2026-04-21T17:32:08,IoT-Monitoring-PI,0.2,8.8,281.88,3692.31,0.0,0.0,0.0,2282971,12488130,0,644,25687,152508,0,12
2026-04-21T17:32:09,IoT-Monitoring-PI,0.0,8.8,281.53,3692.66,0.0,0.0,0.0,2282971,12488130,0,0,25687,152508,0,0
2026-04-21T17:32:10,IoT-Monitoring-PI,0.5,8.8,281.36,3692.86,0.0,0.0,0.0,2282971,12488268,0,138,25687,152511,0,3
2026-04-21T17:32:11,IoT-Monitoring-PI,0.0,8.8,281.05,3693.17,0.0,0.0,0.0,2282971,12488268,0,0,25687,152511,0,0
2026-04-21T17:32:12,IoT-Monitoring-PI,0.0,8.8,281.2,3693.0,0.0,0.0,0.0,2282971,12488268,0,0,25687,152511,0,0
2026-04-21T17:32:13,IoT-Monitoring-PI,0.5,8.8,281.2,3693.0,0.0,0.0,0.0,2282971,12488682,0,414,25687,152518,0,7
2026-04-21T17:32:14,IoT-Monitoring-PI,0.0,9.0,287.75,3686.42,0.0,0.0,0.0,2282971,12488682,0,0,25687,152518,0,0
2026-04-21T17:32:15,IoT-Monitoring-PI,0.2,9.0,288.08,3686.09,0.0,0.0,0.0,2282971,12488774,0,92,25687,152520,0,2
2026-04-21T17:32:16,IoT-Monitoring-PI,0.0,9.0,287.89,3686.28,0.0,0.0,0.0,2283035,12489838,64,1064,25688,152537,1,17
2026-04-21T17:32:17,IoT-Monitoring-PI,0.3,8.9,286.11,3688.06,0.0,0.0,0.0,2283035,12489884,0,46,25688,152538,0,1
2026-04-21T17:32:18,IoT-Monitoring-PI,0.0,8.9,285.7,3688.45,0.0,0.0,0.0,2283035,12490206,0,322,25688,152543,0,5
2026-04-21T17:32:19,IoT-Monitoring-PI,0.0,8.9,284.95,3689.2,0.0,0.0,0.0,2283035,12490252,0,46,25688,152544,0,1
2026-04-21T17:32:20,IoT-Monitoring-PI,0.2,8.9,284.84,3689.31,0.0,0.0,0.0,2283035,12490252,0,0,25688,152544,0,0
2026-04-21T17:32:21,IoT-Monitoring-PI,0.0,8.9,283.66,3690.5,0.0,0.0,0.0,2283035,12490390,0,138,25688,152547,0,3
2026-04-21T17:32:22,IoT-Monitoring-PI,0.0,8.9,283.88,3690.28,0.0,0.0,0.0,2283035,12490436,0,46,25688,152548,0,1
2026-04-21T17:32:23,IoT-Monitoring-PI,0.2,8.9,283.56,3690.59,0.0,0.0,0.0,2283035,12490758,0,322,25688,152553,0,5
2026-04-21T17:32:24,IoT-Monitoring-PI,0.0,8.9,283.52,3690.62,0.0,0.0,0.0,2283035,12491126,0,368,25688,152561,0,8
2026-04-21T17:32:25,IoT-Monitoring-PI,0.0,8.9,282.86,3691.28,0.0,0.0,0.0,2283035,12491126,0,0,25688,152561,0,0
2026-04-21T17:32:26,IoT-Monitoring-PI,0.0,8.9,283.11,3691.03,0.0,0.0,0.0,2283099,12491868,64,742,25689,152571,1,10
2026-04-21T17:32:27,IoT-Monitoring-PI,0.5,8.8,282.72,3691.42,0.0,0.0,0.0,2283099,12491868,0,0,25689,152571,0,0
2026-04-21T17:32:28,IoT-Monitoring-PI,0.0,8.8,282.5,3691.64,0.0,0.0,0.0,2283099,12492144,0,276,25689,152575,0,4
2026-04-21T17:32:29,IoT-Monitoring-PI,0.5,8.8,282.06,3692.08,0.0,0.0,0.0,2283099,12492606,0,462,25689,152583,0,8
2026-04-21T17:32:30,IoT-Monitoring-PI,0.0,9.0,289.12,3684.97,0.0,0.0,0.0,2283099,12492606,0,0,25689,152583,0,0
2026-04-21T17:32:31,IoT-Monitoring-PI,0.0,9.0,289.02,3685.08,0.0,0.0,0.0,2283099,12492606,0,0,25689,152583,0,0
2026-04-21T17:32:32,IoT-Monitoring-PI,0.0,9.0,286.97,3687.12,0.0,0.0,0.0,2283099,12492974,0,368,25689,152591,0,8
2026-04-21T17:32:33,IoT-Monitoring-PI,0.3,8.9,285.58,3688.52,0.0,0.0,0.0,2283099,12493250,0,276,25689,152595,0,4
2026-04-21T17:32:34,IoT-Monitoring-PI,0.0,8.9,284.83,3689.27,0.0,0.0,0.0,2283099,12493250,0,0,25689,152595,0,0
2026-04-21T17:32:35,IoT-Monitoring-PI,0.0,8.9,284.14,3689.95,0.0,0.0,0.0,2283099,12493250,0,0,25689,152595,0,0
2026-04-21T17:32:36,IoT-Monitoring-PI,0.2,8.9,284.06,3690.02,0.0,0.0,0.0,2283163,12493992,64,742,25690,152605,1,10
2026-04-21T17:32:37,IoT-Monitoring-PI,0.0,8.9,283.19,3690.89,0.0,0.0,0.0,2283163,12494130,0,138,25690,152608,0,3
2026-04-21T17:32:38,IoT-Monitoring-PI,0.2,8.8,282.62,3691.45,0.0,0.0,0.0,2283163,12494406,0,276,25690,152612,0,4
2026-04-21T17:32:39,IoT-Monitoring-PI,0.0,8.8,281.84,3692.23,0.0,0.0,0.0,2283163,12494406,0,0,25690,152612,0,0
2026-04-21T17:32:40,IoT-Monitoring-PI,0.0,8.8,281.66,3692.42,0.0,0.0,0.0,2283163,12494774,0,368,25690,152620,0,8
2026-04-21T17:32:41,IoT-Monitoring-PI,0.0,8.8,281.22,3692.86,0.0,0.0,0.0,2283163,12494774,0,0,25690,152620,0,0
2026-04-21T17:32:42,IoT-Monitoring-PI,0.2,8.8,281.31,3692.75,0.0,0.0,0.0,2283163,12494774,0,0,25690,152620,0,0
2026-04-21T17:32:43,IoT-Monitoring-PI,0.0,8.8,281.31,3692.75,0.0,0.0,0.0,2283163,12495050,0,276,25690,152624,0,4
2026-04-21T17:32:44,IoT-Monitoring-PI,0.0,8.8,281.2,3692.86,0.0,0.0,0.0,2283163,12495050,0,0,25690,152624,0,0
2026-04-21T17:32:45,IoT-Monitoring-PI,0.0,8.8,280.98,3693.08,0.0,0.0,0.0,2283163,12495188,0,138,25690,152627,0,3
2026-04-21T17:32:46,IoT-Monitoring-PI,0.3,8.8,280.97,3693.14,0.0,0.0,0.0,2283163,12495654,0,466,25690,152631,0,4
2026-04-21T17:32:47,IoT-Monitoring-PI,0.0,8.8,281.31,3692.8,0.0,0.0,0.0,2283227,12495930,64,276,25691,152637,1,6
2026-04-21T17:32:48,IoT-Monitoring-PI,0.2,8.8,281.52,3692.58,0.0,0.0,0.0,2283227,12496574,0,644,25691,152649,0,12
2026-04-21T17:32:49,IoT-Monitoring-PI,0.2,8.8,281.52,3692.58,0.0,0.0,0.0,2283227,12496574,0,0,25691,152649,0,0
2026-04-21T17:32:50,IoT-Monitoring-PI,0.0,8.8,281.19,3692.91,0.0,0.0,0.0,2283227,12496574,0,0,25691,152649,0,0
2026-04-21T17:32:51,IoT-Monitoring-PI,0.0,8.8,281.08,3693.03,0.0,0.0,0.0,2283227,12496574,0,0,25691,152649,0,0
2026-04-21T17:32:52,IoT-Monitoring-PI,0.2,8.8,281.08,3693.03,0.0,0.0,0.0,2283227,12496574,0,0,25691,152649,0,0
2026-04-21T17:32:53,IoT-Monitoring-PI,0.3,8.8,281.06,3693.03,0.0,0.0,0.0,2283227,12496988,0,414,25691,152656,0,7
2026-04-21T17:32:54,IoT-Monitoring-PI,0.0,8.9,284.44,3689.62,0.0,0.0,0.0,2283227,12496988,0,0,25691,152656,0,0
2026-04-21T17:32:55,IoT-Monitoring-PI,0.2,8.9,284.33,3689.73,0.0,0.0,0.0,2283227,12496988,0,0,25691,152656,0,0
2026-04-21T17:32:56,IoT-Monitoring-PI,0.0,8.9,283.31,3690.75,0.0,0.0,0.0,2283227,12497776,0,788,25691,152667,0,11
2026-04-21T17:32:57,IoT-Monitoring-PI,0.2,8.9,283.73,3690.33,0.0,0.0,0.0,2283291,12498052,64,276,25692,152673,1,6
2026-04-21T17:32:58,IoT-Monitoring-PI,0.2,8.9,283.22,3690.84,0.0,0.0,0.0,2283291,12498328,0,276,25692,152677,0,4
2026-04-21T17:32:59,IoT-Monitoring-PI,0.0,8.8,282.48,3691.58,0.0,0.0,0.0,2283291,12498328,0,0,25692,152677,0,0
2026-04-21T17:33:00,IoT-Monitoring-PI,0.3,8.8,282.22,3691.83,0.0,0.0,0.0,2283291,12498328,0,0,25692,152677,0,0
2026-04-21T17:33:01,IoT-Monitoring-PI,0.2,8.8,282.05,3692.02,0.0,0.0,0.0,2283291,12498466,0,138,25692,152680,0,3
2026-04-21T17:33:02,IoT-Monitoring-PI,0.0,9.0,288.44,3685.59,0.0,0.0,0.0,2283291,12498466,0,0,25692,152680,0,0
2026-04-21T17:33:03,IoT-Monitoring-PI,0.0,9.0,288.31,3685.72,0.0,0.0,0.0,2283291,12498742,0,276,25692,152684,0,4
2026-04-21T17:33:04,IoT-Monitoring-PI,0.0,9.0,288.31,3685.72,0.0,0.0,0.0,2283291,12499110,0,368,25692,152692,0,8
2026-04-21T17:33:05,IoT-Monitoring-PI,0.2,9.0,287.58,3686.45,0.0,0.0,0.0,2283291,12499110,0,0,25692,152692,0,0
2026-04-21T17:33:06,IoT-Monitoring-PI,0.2,8.9,286.58,3687.44,0.0,0.0,0.0,2283291,12499576,0,466,25692,152696,0,4
2026-04-21T17:33:07,IoT-Monitoring-PI,0.0,8.9,286.67,3687.34,0.0,0.0,0.0,2283355,12499852,64,276,25693,152702,1,6
2026-04-21T17:33:08,IoT-Monitoring-PI,0.2,8.9,285.38,3688.64,0.0,0.0,0.0,2283355,12500128,0,276,25693,152706,0,4
2026-04-21T17:33:09,IoT-Monitoring-PI,0.0,8.9,284.69,3689.33,0.0,0.0,0.0,2283355,12500266,0,138,25693,152709,0,3
2026-04-21T17:33:10,IoT-Monitoring-PI,0.0,9.0,287.09,3686.91,0.0,0.0,0.0,2283355,12500266,0,0,25693,152709,0,0
2026-04-21T17:33:11,IoT-Monitoring-PI,0.2,8.9,286.69,3687.31,0.0,0.0,0.0,2283355,12500266,0,0,25693,152709,0,0
2026-04-21T17:33:12,IoT-Monitoring-PI,0.0,8.9,286.22,3687.77,0.0,0.0,0.0,2283355,12500634,0,368,25693,152717,0,8
2026-04-21T17:33:13,IoT-Monitoring-PI,0.0,8.9,286.0,3687.98,0.0,0.0,0.0,2283355,12500910,0,276,25693,152721,0,4
2026-04-21T17:33:14,IoT-Monitoring-PI,0.0,8.9,285.28,3688.7,0.0,0.0,0.0,2283355,12500910,0,0,25693,152721,0,0
2026-04-21T17:33:15,IoT-Monitoring-PI,0.2,8.9,284.72,3689.27,0.0,0.0,0.0,2283355,12501048,0,138,25693,152724,0,3
2026-04-21T17:33:16,IoT-Monitoring-PI,0.0,8.9,283.55,3690.44,0.0,0.0,0.0,2283355,12501514,0,466,25693,152728,0,4
2026-04-21T17:33:17,IoT-Monitoring-PI,0.5,8.9,284.09,3689.89,0.0,0.0,0.0,2283419,12501974,64,460,25694,152738,1,10
2026-04-21T17:33:18,IoT-Monitoring-PI,0.0,9.0,288.34,3685.61,0.0,0.0,0.0,2283419,12502342,0,368,25694,152744,0,6
2026-04-21T17:33:19,IoT-Monitoring-PI,0.0,9.0,287.27,3686.69,0.0,0.0,0.0,2283419,12502342,0,0,25694,152744,0,0
2026-04-21T17:33:20,IoT-Monitoring-PI,0.2,9.0,286.86,3687.09,0.0,0.0,0.0,2283419,12502802,0,460,25694,152754,0,10
2026-04-21T17:33:21,IoT-Monitoring-PI,0.0,8.9,285.67,3688.33,0.0,0.0,0.0,2283419,12502802,0,0,25694,152754,0,0
2026-04-21T17:33:22,IoT-Monitoring-PI,0.3,8.9,285.47,3688.53,0.0,0.0,0.0,2283419,12502848,0,46,25694,152755,0,1
2026-04-21T17:33:23,IoT-Monitoring-PI,0.0,8.9,284.33,3689.67,0.0,0.0,0.0,2283419,12503170,0,322,25694,152760,0,5
2026-04-21T17:33:24,IoT-Monitoring-PI,0.0,8.9,284.36,3689.62,0.0,0.0,0.0,2283419,12503170,0,0,25694,152760,0,0
2026-04-21T17:33:25,IoT-Monitoring-PI,0.0,8.9,283.75,3690.23,0.0,0.0,0.0,2283419,12503308,0,138,25694,152763,0,3
2026-04-21T17:33:26,IoT-Monitoring-PI,0.2,8.9,286.36,3687.61,0.0,0.0,0.0,2283419,12503774,0,466,25694,152767,0,4
2026-04-21T17:33:27,IoT-Monitoring-PI,0.0,8.9,285.52,3688.45,0.0,0.0,0.0,2283419,12503774,0,0,25694,152767,0,0
2026-04-21T17:33:28,IoT-Monitoring-PI,0.2,8.9,285.52,3688.45,0.0,0.0,0.0,2283483,12504694,64,920,25695,152785,1,18
2026-04-21T17:33:29,IoT-Monitoring-PI,0.0,8.9,285.08,3688.89,0.0,0.0,0.0,2283483,12504694,0,0,25695,152785,0,0
2026-04-21T17:33:30,IoT-Monitoring-PI,0.0,8.9,284.64,3689.31,0.0,0.0,0.0,2283483,12504694,0,0,25695,152785,0,0
2026-04-21T17:33:31,IoT-Monitoring-PI,0.3,8.9,284.11,3689.84,0.0,0.0,0.0,2283483,12504694,0,0,25695,152785,0,0
2026-04-21T17:33:32,IoT-Monitoring-PI,0.0,8.9,283.73,3690.22,0.0,0.0,0.0,2283483,12504694,0,0,25695,152785,0,0
2026-04-21T17:33:33,IoT-Monitoring-PI,0.0,8.9,282.91,3691.05,0.0,0.0,0.0,2283483,12505108,0,414,25695,152792,0,7
2026-04-21T17:33:34,IoT-Monitoring-PI,0.0,8.8,282.27,3691.67,0.0,0.0,0.0,2283483,12505108,0,0,25695,152792,0,0
2026-04-21T17:33:35,IoT-Monitoring-PI,0.2,8.8,281.98,3691.95,0.0,0.0,0.0,2283483,12505108,0,0,25695,152792,0,0
2026-04-21T17:33:36,IoT-Monitoring-PI,0.0,8.8,281.58,3692.34,0.0,0.0,0.0,2283483,12505896,0,788,25695,152803,0,11
2026-04-21T17:33:37,IoT-Monitoring-PI,0.2,8.8,281.27,3692.69,0.0,0.0,0.0,2283483,12505896,0,0,25695,152803,0,0
2026-04-21T17:33:38,IoT-Monitoring-PI,0.0,8.8,281.72,3692.23,0.0,0.0,0.0,2283547,12506448,64,552,25696,152813,1,10
2026-04-21T17:33:39,IoT-Monitoring-PI,0.0,8.8,281.3,3692.66,0.0,0.0,0.0,2283547,12509890,0,3442,25696,152858,0,45
2026-04-21T17:33:40,IoT-Monitoring-PI,0.2,8.8,280.95,3693.0,0.0,0.0,0.0,2283547,12514906,0,5016,25696,152924,0,66
2026-04-21T17:33:41,IoT-Monitoring-PI,0.3,8.8,280.95,3693.0,0.0,0.0,0.0,2283547,12518466,0,3560,25696,152974,0,50
2026-04-21T17:33:42,IoT-Monitoring-PI,0.0,8.8,281.12,3692.8,0.0,0.0,0.0,2283547,12523122,0,4656,25696,153033,0,59
2026-04-21T17:33:43,IoT-Monitoring-PI,0.0,8.8,281.03,3692.89,0.0,0.0,0.0,2283547,12527838,0,4716,25696,153097,0,64
2026-04-21T17:33:44,IoT-Monitoring-PI,0.0,8.8,280.81,3693.11,0.0,0.0,0.0,2283547,12529012,0,1174,25696,153116,0,19
